% Model,spaceplate_single_2d.mph
% Version,COMSOL 6.2.0.415
% Date,"Jul 14 2025, 11:58"
% Table,Table 11 - Line Average 2
% freq (Hz),abs(acpr.p_t)^2 (kg^2/(m^2*s^4)),abs(acpr.p_s)^2 (kg^2/(m^2*s^4))
10000,0.5051534791547647,0.49426922296439313
10200,0.5358686040554421,0.46353801392537775
10400,0.5697475401034755,0.42977772132022884
10600,0.606718776095468,0.3930154611505643
10800,0.6465591933386917,0.35340242315869097
11000,0.6888852449504594,0.3112478257453791
11200,0.7331371540251138,0.26706098585500165
11400,0.7785423869486503,0.22160545653958483
11600,0.8240529139602518,0.1759634954567724
11800,0.8682705287010729,0.13159510884882136
12000,0.9094011269556309,0.09035636837223673
12200,0.9452989103699893,0.054427509144767176
12400,0.9736545544826944,0.026110064383106382
12600,0.9923315248953307,0.007497498248254242
12800,0.9997721306221093,9.546043578197013E-5
13000,0.9953283457722185,0.004522339983647933
13200,0.9793817075176213,0.02040709971730075
13400,0.9532122290237596,0.046513721887473665
13600,0.9186943349342596,0.0810188556288984
13800,0.8779554328384827,0.12182315963251637
14000,0.8331047800445323,0.16680531162889906
14200,0.7860692070583083,0.21399002851127194
14400,0.7385147645252628,0.2616477451242474
14600,0.691814848385521,0.3083544071940452
14800,0.6470369085455462,0.35302665964573693
15000,0.6049396778101104,0.39493182442204433
15200,0.56598513544722,0.43366669003875064
15400,0.5303703739780701,0.46910470512531083
15600,0.4980787631195362,0.5013205811642165
15800,0.46894354292228785,0.5305076152689808
16000,0.44271377877748597,0.5569035487400296
16200,0.41911285455746206,0.58073657754312
16400,0.3978822167461292,0.6021967002873804
16600,0.3788067095475305,0.6214310634939967
16800,0.3617217175951928,0.6385567776644542
17000,0.34650575534320566,0.653681785929369
17200,0.3330644082696732,0.6669242638804735
17400,0.32131215402785135,0.6784234971628098
17600,0.3111575967884038,0.6883392089787781
17800,0.3024955863122419,0.6968404561606616
18000,0.29520732658414756,0.704088247735306
18200,0.28916750992309825,0.71021736916272
18400,0.2842560347976604,0.7153225639823281
18600,0.280371062651388,0.7194526445019683
18800,0.2774400744297969,0.722613798972987
19000,0.27542622475106915,0.7247808832817336
19200,0.27432857381534476,0.7259134040188379
19400,0.2741764071400999,0.7259717498997039
19600,0.27501936830457224,0.7249293280258077
19800,0.27691609526732575,0.722777545627934
20000,0.27992425619611083,0.7195225962146159
20200,0.28409439236551554,0.7151751218866887
20400,0.28946902675423614,0.7097354694005912
20600,0.29608733585384733,0.7031781172907451
20800,0.3039945021379977,0.6954388515054944
21000,0.3132538348107699,0.6864074926265076
21200,0.32395906351490833,0.6759276096294351
21400,0.3362440737137081,0.6638029688551268
21600,0.3502878593985639,0.6498088433521513
21800,0.36631350532724666,0.633705180911612
22000,0.38458125744985583,0.6152483565036473
22200,0.4053767964222939,0.594198965399882
22400,0.42899636842917943,0.5703247353320912
22600,0.45573027586268006,0.5433998477108796
22800,0.48584532865367075,0.5132043869101363
23000,0.5195652061378524,0.47952991577069937
23200,0.5570453691519449,0.4421989341132751
23400,0.5983365385668329,0.4011067553114863
23600,0.6433286749527147,0.35629346820343893
23800,0.6916674491731474,0.3080501289847446
24000,0.7426397867263946,0.2570556939614094
24200,0.7950370394518711,0.2045277667842077
24400,0.8470255350831692,0.15235028098046793
24600,0.8960821484664052,0.10311808626968393
24800,0.9390750952127445,0.06002378484473395
25000,0.9725633708103884,0.026527479142493607
25200,0.993326347505957,0.005815703483873018
25400,0.9990193692009876,1.645201602655101E-4
25600,0.9887386325152906,0.01041673201233819
25800,0.9632620087822475,0.03578213059741539
26000,0.9248573348615744,0.07404216861167809
26200,0.8767473328539233,0.12205995985350936
26400,0.8224557152266496,0.17638557414105635
26600,0.7652555355144184,0.23376358088312404
26800,0.7078359663509917,0.29144980311067487
27000,0.652188142879129,0.3473433576569865
27200,0.5996444599372511,0.3999898971279952
27400,0.5509940306512362,0.44851468285201374
27600,0.5066161369385924,0.4925248580500016
27800,0.46659962487765017,0.5320005768269574
28000,0.43083675425995943,0.567183552455761
28200,0.3990920003721319,0.5984687586170707
28400,0.3710513368102344,0.6263062979151092
28600,0.3463582978415496,0.6511218449777559
28800,0.3246418559866477,0.6732633647394372
29000,0.3055392471472577,0.6929785949835584
29200,0.28871503630334444,0.7104227848157325
29400,0.2738762550770835,0.7256905791613933
29600,0.26078253717562827,0.7388610534816134
29800,0.24924997817424174,0.7500420790278967
30000,0.23914801089110668,0.7594005770824348
30200,0.2303897556594432,0.76716923430178
30400,0.22291766136372823,0.7736271259275886
30600,0.21668728669919443,0.779059451066156
30800,0.21165243529895816,0.7837077762546685
31000,0.20775453239271527,0.7877249673537886
31200,0.20491834145203172,0.7911478067592069
31400,0.2030551016533409,0.793895763192744
31600,0.20207298489322703,0.7957977154763686
31800,0.20189337218027656,0.7966409965384612
32000,0.20246991776400583,0.796230449104257
32200,0.20380613900265634,0.7944410817044407
32400,0.20596702074719567,0.791248138692462
32600,0.20908132054316408,0.7867237259667983
32800,0.21333368223795715,0.7809984641352284
33000,0.21894840332047083,0.7741970353161367
33200,0.22616876620419818,0.7663644276947719
33400,0.23523687000329105,0.7574026965633518
33600,0.24637929470631867,0.7470355286648103
33800,0.25980428878982903,0.7348105661942407
34000,0.27571642776047084,0.72013861039493
34200,0.2943537433466469,0.7023563468380076
34400,0.31604863776800746,0.6807884239517585
34600,0.3413068767649514,0.654780477041406
34800,0.37088983760295685,0.6236815801323101
35000,0.4058758817661352,0.5867740431777336
35200,0.4476665485613463,0.5431784993404885
35400,0.4978865723579306,0.49180117015938996
35600,0.5580960242536935,0.43143950844949647
35800,0.6291920512303596,0.36121885063834563
36000,0.7103695684114458,0.2815584975776089
36200,0.7976524134860059,0.19573785719843584
36400,0.8824703280203359,0.11164082098015582
36600,0.9515171466606255,0.04235539477793767
36800,0.9894470770659871,0.0037447628807580745
37000,0.9845295221918171,0.008480911259759813
37200,0.9343578624503964,0.05951545319397074
37400,0.8473991960229922,0.14792672217578745
37600,0.7391381054848845,0.25703723939628725
37800,0.6258129398483884,0.3695669946274713
38000,0.5196802347246519,0.473079740541555
38200,0.42744945676273544,0.5616049444148951
38400,0.351135773849823,0.634338277507777
38600,0.28981156847668016,0.6933393861488474
38800,0.24118894791606804,0.7415628435079888
39000,0.20265764847504683,0.7816627172576135
39200,0.17182483879096697,0.81548555910819
39400,0.14673140382103822,0.8440240568912742
39600,0.12589566624640383,0.8676364524249536
39800,0.10827423688548295,0.8863914236591227
40000,0.09318234501909067,0.9004234408544093
