% Model,spaceplate_double_3d - Copy (3).mph
% Version,COMSOL 6.2.0.415
% Date,"Aug 13 2025, 17:26"
% Table,Table 27 - Surface Average 1
% theta0 (deg),"freq=5000 Hz, abs(acpr.p_t)^2 (kg^2/(m^2*s^4))","freq=5150 Hz, abs(acpr.p_t)^2 (kg^2/(m^2*s^4))","freq=5300 Hz, abs(acpr.p_t)^2 (kg^2/(m^2*s^4))","freq=5450 Hz, abs(acpr.p_t)^2 (kg^2/(m^2*s^4))","freq=5600 Hz, abs(acpr.p_t)^2 (kg^2/(m^2*s^4))","freq=5750 Hz, abs(acpr.p_t)^2 (kg^2/(m^2*s^4))","freq=5900 Hz, abs(acpr.p_t)^2 (kg^2/(m^2*s^4))","freq=6050 Hz, abs(acpr.p_t)^2 (kg^2/(m^2*s^4))","freq=6200 Hz, abs(acpr.p_t)^2 (kg^2/(m^2*s^4))","freq=6350 Hz, abs(acpr.p_t)^2 (kg^2/(m^2*s^4))","freq=6500 Hz, abs(acpr.p_t)^2 (kg^2/(m^2*s^4))","freq=6650 Hz, abs(acpr.p_t)^2 (kg^2/(m^2*s^4))","freq=6800 Hz, abs(acpr.p_t)^2 (kg^2/(m^2*s^4))","freq=6950 Hz, abs(acpr.p_t)^2 (kg^2/(m^2*s^4))","freq=7100 Hz, abs(acpr.p_t)^2 (kg^2/(m^2*s^4))","freq=7250 Hz, abs(acpr.p_t)^2 (kg^2/(m^2*s^4))","freq=7400 Hz, abs(acpr.p_t)^2 (kg^2/(m^2*s^4))","freq=7550 Hz, abs(acpr.p_t)^2 (kg^2/(m^2*s^4))","freq=7700 Hz, abs(acpr.p_t)^2 (kg^2/(m^2*s^4))","freq=7850 Hz, abs(acpr.p_t)^2 (kg^2/(m^2*s^4))","freq=8000 Hz, abs(acpr.p_t)^2 (kg^2/(m^2*s^4))","freq=8150 Hz, abs(acpr.p_t)^2 (kg^2/(m^2*s^4))","freq=8300 Hz, abs(acpr.p_t)^2 (kg^2/(m^2*s^4))","freq=8450 Hz, abs(acpr.p_t)^2 (kg^2/(m^2*s^4))","freq=8600 Hz, abs(acpr.p_t)^2 (kg^2/(m^2*s^4))","freq=8750 Hz, abs(acpr.p_t)^2 (kg^2/(m^2*s^4))","freq=8900 Hz, abs(acpr.p_t)^2 (kg^2/(m^2*s^4))","freq=9050 Hz, abs(acpr.p_t)^2 (kg^2/(m^2*s^4))","freq=9200 Hz, abs(acpr.p_t)^2 (kg^2/(m^2*s^4))","freq=9350 Hz, abs(acpr.p_t)^2 (kg^2/(m^2*s^4))","freq=9500 Hz, abs(acpr.p_t)^2 (kg^2/(m^2*s^4))","freq=9650 Hz, abs(acpr.p_t)^2 (kg^2/(m^2*s^4))","freq=9800 Hz, abs(acpr.p_t)^2 (kg^2/(m^2*s^4))","freq=9950 Hz, abs(acpr.p_t)^2 (kg^2/(m^2*s^4))","freq=10100 Hz, abs(acpr.p_t)^2 (kg^2/(m^2*s^4))","freq=10250 Hz, abs(acpr.p_t)^2 (kg^2/(m^2*s^4))","freq=10400 Hz, abs(acpr.p_t)^2 (kg^2/(m^2*s^4))","freq=10550 Hz, abs(acpr.p_t)^2 (kg^2/(m^2*s^4))","freq=10700 Hz, abs(acpr.p_t)^2 (kg^2/(m^2*s^4))","freq=10850 Hz, abs(acpr.p_t)^2 (kg^2/(m^2*s^4))","freq=11000 Hz, abs(acpr.p_t)^2 (kg^2/(m^2*s^4))","freq=11150 Hz, abs(acpr.p_t)^2 (kg^2/(m^2*s^4))","freq=11300 Hz, abs(acpr.p_t)^2 (kg^2/(m^2*s^4))","freq=11450 Hz, abs(acpr.p_t)^2 (kg^2/(m^2*s^4))","freq=11600 Hz, abs(acpr.p_t)^2 (kg^2/(m^2*s^4))","freq=11750 Hz, abs(acpr.p_t)^2 (kg^2/(m^2*s^4))","freq=11900 Hz, abs(acpr.p_t)^2 (kg^2/(m^2*s^4))","freq=12050 Hz, abs(acpr.p_t)^2 (kg^2/(m^2*s^4))","freq=12200 Hz, abs(acpr.p_t)^2 (kg^2/(m^2*s^4))","freq=12350 Hz, abs(acpr.p_t)^2 (kg^2/(m^2*s^4))","freq=12500 Hz, abs(acpr.p_t)^2 (kg^2/(m^2*s^4))","freq=12650 Hz, abs(acpr.p_t)^2 (kg^2/(m^2*s^4))","freq=12800 Hz, abs(acpr.p_t)^2 (kg^2/(m^2*s^4))","freq=12950 Hz, abs(acpr.p_t)^2 (kg^2/(m^2*s^4))","freq=13100 Hz, abs(acpr.p_t)^2 (kg^2/(m^2*s^4))","freq=13250 Hz, abs(acpr.p_t)^2 (kg^2/(m^2*s^4))","freq=13400 Hz, abs(acpr.p_t)^2 (kg^2/(m^2*s^4))","freq=13550 Hz, abs(acpr.p_t)^2 (kg^2/(m^2*s^4))","freq=13700 Hz, abs(acpr.p_t)^2 (kg^2/(m^2*s^4))","freq=13850 Hz, abs(acpr.p_t)^2 (kg^2/(m^2*s^4))","freq=14000 Hz, abs(acpr.p_t)^2 (kg^2/(m^2*s^4))","freq=14150 Hz, abs(acpr.p_t)^2 (kg^2/(m^2*s^4))","freq=14300 Hz, abs(acpr.p_t)^2 (kg^2/(m^2*s^4))","freq=14450 Hz, abs(acpr.p_t)^2 (kg^2/(m^2*s^4))","freq=14600 Hz, abs(acpr.p_t)^2 (kg^2/(m^2*s^4))","freq=14750 Hz, abs(acpr.p_t)^2 (kg^2/(m^2*s^4))","freq=14900 Hz, abs(acpr.p_t)^2 (kg^2/(m^2*s^4))","freq=15050 Hz, abs(acpr.p_t)^2 (kg^2/(m^2*s^4))","freq=15200 Hz, abs(acpr.p_t)^2 (kg^2/(m^2*s^4))","freq=15350 Hz, abs(acpr.p_t)^2 (kg^2/(m^2*s^4))","freq=15500 Hz, abs(acpr.p_t)^2 (kg^2/(m^2*s^4))","freq=15650 Hz, abs(acpr.p_t)^2 (kg^2/(m^2*s^4))","freq=15800 Hz, abs(acpr.p_t)^2 (kg^2/(m^2*s^4))","freq=15950 Hz, abs(acpr.p_t)^2 (kg^2/(m^2*s^4))","freq=16100 Hz, abs(acpr.p_t)^2 (kg^2/(m^2*s^4))","freq=16250 Hz, abs(acpr.p_t)^2 (kg^2/(m^2*s^4))","freq=16400 Hz, abs(acpr.p_t)^2 (kg^2/(m^2*s^4))","freq=16550 Hz, abs(acpr.p_t)^2 (kg^2/(m^2*s^4))","freq=16700 Hz, abs(acpr.p_t)^2 (kg^2/(m^2*s^4))","freq=16850 Hz, abs(acpr.p_t)^2 (kg^2/(m^2*s^4))","freq=17000 Hz, abs(acpr.p_t)^2 (kg^2/(m^2*s^4))","freq=17150 Hz, abs(acpr.p_t)^2 (kg^2/(m^2*s^4))","freq=17300 Hz, abs(acpr.p_t)^2 (kg^2/(m^2*s^4))","freq=17450 Hz, abs(acpr.p_t)^2 (kg^2/(m^2*s^4))","freq=17600 Hz, abs(acpr.p_t)^2 (kg^2/(m^2*s^4))","freq=17750 Hz, abs(acpr.p_t)^2 (kg^2/(m^2*s^4))","freq=17900 Hz, abs(acpr.p_t)^2 (kg^2/(m^2*s^4))","freq=18050 Hz, abs(acpr.p_t)^2 (kg^2/(m^2*s^4))","freq=18200 Hz, abs(acpr.p_t)^2 (kg^2/(m^2*s^4))","freq=18350 Hz, abs(acpr.p_t)^2 (kg^2/(m^2*s^4))","freq=18500 Hz, abs(acpr.p_t)^2 (kg^2/(m^2*s^4))","freq=18650 Hz, abs(acpr.p_t)^2 (kg^2/(m^2*s^4))","freq=18800 Hz, abs(acpr.p_t)^2 (kg^2/(m^2*s^4))","freq=18950 Hz, abs(acpr.p_t)^2 (kg^2/(m^2*s^4))","freq=19100 Hz, abs(acpr.p_t)^2 (kg^2/(m^2*s^4))","freq=19250 Hz, abs(acpr.p_t)^2 (kg^2/(m^2*s^4))","freq=19400 Hz, abs(acpr.p_t)^2 (kg^2/(m^2*s^4))","freq=19550 Hz, abs(acpr.p_t)^2 (kg^2/(m^2*s^4))","freq=19700 Hz, abs(acpr.p_t)^2 (kg^2/(m^2*s^4))","freq=19850 Hz, abs(acpr.p_t)^2 (kg^2/(m^2*s^4))","freq=20000 Hz, abs(acpr.p_t)^2 (kg^2/(m^2*s^4))","freq=20150 Hz, abs(acpr.p_t)^2 (kg^2/(m^2*s^4))","freq=20300 Hz, abs(acpr.p_t)^2 (kg^2/(m^2*s^4))","freq=20450 Hz, abs(acpr.p_t)^2 (kg^2/(m^2*s^4))","freq=20600 Hz, abs(acpr.p_t)^2 (kg^2/(m^2*s^4))","freq=20750 Hz, abs(acpr.p_t)^2 (kg^2/(m^2*s^4))","freq=20900 Hz, abs(acpr.p_t)^2 (kg^2/(m^2*s^4))","freq=21050 Hz, abs(acpr.p_t)^2 (kg^2/(m^2*s^4))","freq=21200 Hz, abs(acpr.p_t)^2 (kg^2/(m^2*s^4))","freq=21350 Hz, abs(acpr.p_t)^2 (kg^2/(m^2*s^4))","freq=21500 Hz, abs(acpr.p_t)^2 (kg^2/(m^2*s^4))","freq=21650 Hz, abs(acpr.p_t)^2 (kg^2/(m^2*s^4))","freq=21800 Hz, abs(acpr.p_t)^2 (kg^2/(m^2*s^4))","freq=21950 Hz, abs(acpr.p_t)^2 (kg^2/(m^2*s^4))","freq=22100 Hz, abs(acpr.p_t)^2 (kg^2/(m^2*s^4))","freq=22250 Hz, abs(acpr.p_t)^2 (kg^2/(m^2*s^4))","freq=22400 Hz, abs(acpr.p_t)^2 (kg^2/(m^2*s^4))","freq=22550 Hz, abs(acpr.p_t)^2 (kg^2/(m^2*s^4))","freq=22700 Hz, abs(acpr.p_t)^2 (kg^2/(m^2*s^4))","freq=22850 Hz, abs(acpr.p_t)^2 (kg^2/(m^2*s^4))","freq=23000 Hz, abs(acpr.p_t)^2 (kg^2/(m^2*s^4))","freq=23150 Hz, abs(acpr.p_t)^2 (kg^2/(m^2*s^4))","freq=23300 Hz, abs(acpr.p_t)^2 (kg^2/(m^2*s^4))","freq=23450 Hz, abs(acpr.p_t)^2 (kg^2/(m^2*s^4))","freq=23600 Hz, abs(acpr.p_t)^2 (kg^2/(m^2*s^4))","freq=23750 Hz, abs(acpr.p_t)^2 (kg^2/(m^2*s^4))","freq=23900 Hz, abs(acpr.p_t)^2 (kg^2/(m^2*s^4))","freq=24050 Hz, abs(acpr.p_t)^2 (kg^2/(m^2*s^4))","freq=24200 Hz, abs(acpr.p_t)^2 (kg^2/(m^2*s^4))","freq=24350 Hz, abs(acpr.p_t)^2 (kg^2/(m^2*s^4))","freq=24500 Hz, abs(acpr.p_t)^2 (kg^2/(m^2*s^4))","freq=24650 Hz, abs(acpr.p_t)^2 (kg^2/(m^2*s^4))","freq=24800 Hz, abs(acpr.p_t)^2 (kg^2/(m^2*s^4))","freq=24950 Hz, abs(acpr.p_t)^2 (kg^2/(m^2*s^4))","freq=25100 Hz, abs(acpr.p_t)^2 (kg^2/(m^2*s^4))","freq=25250 Hz, abs(acpr.p_t)^2 (kg^2/(m^2*s^4))","freq=25400 Hz, abs(acpr.p_t)^2 (kg^2/(m^2*s^4))","freq=25550 Hz, abs(acpr.p_t)^2 (kg^2/(m^2*s^4))","freq=25700 Hz, abs(acpr.p_t)^2 (kg^2/(m^2*s^4))","freq=25850 Hz, abs(acpr.p_t)^2 (kg^2/(m^2*s^4))","freq=26000 Hz, abs(acpr.p_t)^2 (kg^2/(m^2*s^4))","freq=26150 Hz, abs(acpr.p_t)^2 (kg^2/(m^2*s^4))","freq=26300 Hz, abs(acpr.p_t)^2 (kg^2/(m^2*s^4))","freq=26450 Hz, abs(acpr.p_t)^2 (kg^2/(m^2*s^4))","freq=26600 Hz, abs(acpr.p_t)^2 (kg^2/(m^2*s^4))","freq=26750 Hz, abs(acpr.p_t)^2 (kg^2/(m^2*s^4))","freq=26900 Hz, abs(acpr.p_t)^2 (kg^2/(m^2*s^4))","freq=27050 Hz, abs(acpr.p_t)^2 (kg^2/(m^2*s^4))","freq=27200 Hz, abs(acpr.p_t)^2 (kg^2/(m^2*s^4))","freq=27350 Hz, abs(acpr.p_t)^2 (kg^2/(m^2*s^4))","freq=27500 Hz, abs(acpr.p_t)^2 (kg^2/(m^2*s^4))","freq=27650 Hz, abs(acpr.p_t)^2 (kg^2/(m^2*s^4))","freq=27800 Hz, abs(acpr.p_t)^2 (kg^2/(m^2*s^4))","freq=27950 Hz, abs(acpr.p_t)^2 (kg^2/(m^2*s^4))","freq=28100 Hz, abs(acpr.p_t)^2 (kg^2/(m^2*s^4))","freq=28250 Hz, abs(acpr.p_t)^2 (kg^2/(m^2*s^4))","freq=28400 Hz, abs(acpr.p_t)^2 (kg^2/(m^2*s^4))","freq=28550 Hz, abs(acpr.p_t)^2 (kg^2/(m^2*s^4))","freq=28700 Hz, abs(acpr.p_t)^2 (kg^2/(m^2*s^4))","freq=28850 Hz, abs(acpr.p_t)^2 (kg^2/(m^2*s^4))","freq=29000 Hz, abs(acpr.p_t)^2 (kg^2/(m^2*s^4))","freq=29150 Hz, abs(acpr.p_t)^2 (kg^2/(m^2*s^4))","freq=29300 Hz, abs(acpr.p_t)^2 (kg^2/(m^2*s^4))","freq=29450 Hz, abs(acpr.p_t)^2 (kg^2/(m^2*s^4))","freq=29600 Hz, abs(acpr.p_t)^2 (kg^2/(m^2*s^4))","freq=29750 Hz, abs(acpr.p_t)^2 (kg^2/(m^2*s^4))","freq=29900 Hz, abs(acpr.p_t)^2 (kg^2/(m^2*s^4))"
0,0.17653821753078375,0.14746909429276617,0.12476493820331559,0.10689627419185994,0.09271566942528503,0.08137007295144649,0.07222624476692056,0.06481293726547124,0.05877791118893187,0.05385660874511123,0.049849533690792806,0.046605996984096704,0.0440124910868473,0.04198444995275987,0.040460528839321684,0.03939882210781451,0.03877465735129623,0.03857978854714213,0.038822987048062314,0.03953222883459575,0.04075894400045016,0.0425852026897975,0.04513539206005075,0.04859514400945888,0.05324251321135464,0.05950075371764049,0.0680308624267557,0.07990076303753248,0.09690943607817284,0.12223921891669941,0.16182594844345982,0.2272532391342046,0.34089097989354356,0.5341397585141424,0.7628372428929165,0.7446074048385645,0.4858251603691022,0.2823745863487293,0.17037953599337832,0.10976539216588986,0.07505691250627504,0.0538920842500104,0.040252275599918765,0.031047050979450173,0.02459329662595222,0.019923405610981652,0.01645413447857576,0.013819221980547644,0.011780362939679134,0.010177644880598897,0.00890081797412932,0.007872038457404506,0.007035173453134353,0.006348986020559438,0.0057826844787497635,0.005312951372448264,0.004921921036615935,0.004595778749022961,0.004323775410621514,0.004097525175759914,0.003910499140842474,0.003757657267497781,0.003635179678241695,0.003540271199657009,0.003471021896785467,0.003426312804337464,0.003405761058227898,0.0034097028302746972,0.00343921642796796,0.003496192228878266,0.0035834615329490872,0.0037050040433519132,0.0038662652827791927,0.004074633762935994,0.004340158337546099,0.0046766384120462655,0.005103311778686917,0.0056475330981862575,0.0063491560537204846,0.007267969361504619,0.008496874140850087,0.010186474879951129,0.01259391981335386,0.016187589092281508,0.02189392254477035,0.031754953167351815,0.050985595020471154,0.09595040265610717,0.23352186468872113,0.6515044678274157,0.4019960621630453,0.13502929983341566,0.06058537438670559,0.03339074856895198,0.020903983794079574,0.014241165354490144,0.010300779582481987,0.00779097122547525,0.006100559626458432,0.004911494364239916,0.0040456132676036285,0.0033970942471171885,0.002900012930006629,0.002511641117033428,0.0022033419910786212,0.0019553627097523957,0.001753732398889074,0.0015883488732607496,0.0014517626684943758,0.0013383839854469576,0.0012439537542965856,0.00116518398841802,0.0010995092010792663,0.0010449122427211152,9.99800988764731E-4,9.629204141120087E-4,9.332897273603276E-4,9.101575656891116E-4,8.929704666059678E-4,8.813513656267248E-4,8.750859921261474E-4,8.74115925029164E-4,8.785378426093049E-4,8.886092409873411E-4,9.047616796517437E-4,9.276235301190459E-4,9.580553893641111E-4,9.97202986973368E-4,0.0010465749169244118,0.0011081564549953046,0.001184577106672819,0.0012793601998699162,0.0013973011848265094,0.0015450538625316028,0.0017320636380675572,0.0019721015983994975,0.002285883535428803,0.002705746448727424,0.003284459300481421,0.004112939681570919,0.005358866607840572,0.007359898046476463,0.010881110738694362,0.017970990390215644,0.035705953771241014,0.1016652844493234,0.5244945520007894,0.2044854690444698,0.05170728012648083,0.021896025566285275,0.011883173443124678,0.007412418590404294,0.005052568574011028,0.0036625610082370312,0.0027779185719768217,0.0021815404598880058,0.0017612071010293514,0.001454293632191805,0.0012236797370049238,0.0010462637633311422,9.070773679594686E-4,7.960866302834926E-4,7.063657385300197E-4,6.330101291628985E-4,5.724664237806503E-4,5.221066437284564E-4,4.79950531581929E-4
5,0.18197586128840162,0.15159095677798906,0.12783670783834877,0.1091686418586843,0.09440782207778337,0.0826633103728978,0.07326326493461009,0.06570015352129366,0.05958928713770264,0.05463816253514478,0.0506240460584185,0.04737766755282814,0.044771392970603126,0.04271067706073801,0.041127942591527474,0.0399783045518883,0.03923677827501677,0.038896799735173564,0.03897006408875255,0.03948787914233928,0.04050447125525277,0.04210303639411622,0.04440591427825369,0.0475912963017403,0.05192078713775362,0.05778581284223913,0.06578822539684921,0.07688583206150884,0.09266712832799742,0.11589537073322685,0.15163473516975315,0.20962265049428733,0.30876964270441226,0.4795126999301623,0.7143766004935789,0.7855244639475708,0.5564076847324865,0.32646265679368364,0.19392295036917914,0.12261968421420874,0.08248179711005393,0.05844020172096543,0.04319825321331408,0.03305932119471314,0.02603881043692462,0.02101112508673967,0.017306275967038143,0.014508565981506115,0.012350780191417656,0.010655888512668613,0.009303542241936713,0.008210080784923416,0.007316192930308892,0.006579071919778039,0.00596729701922207,0.005457421030954335,0.005031655948937507,0.004676283500592912,0.004380554256733292,0.00413592141381294,0.003935506785348747,0.0037737299336283547,0.003646053848790995,0.003548816054498926,0.0034791246943822007,0.0034348063912310583,0.0034143974769653934,0.003417173487971982,0.0034432145741747832,0.0034935077169316476,0.003570091461889039,0.0036762563464488272,0.0038168256049691883,0.003998557956761275,0.004230740785259051,0.00452608461430303,0.004902101979430831,0.0053832825015933915,0.006004616223889369,0.00681748630054622,0.007899913366323825,0.009375217518896832,0.011447990414175399,0.014478377841220311,0.01914913896915125,0.0268842482927733,0.04105609863790008,0.07118261920522546,0.15146605305082494,0.42768381516755805,0.639224717843724,0.21877443388937237,0.08606464450806972,0.04361656942213631,0.0258714232799685,0.0169837665708659,0.011960560886397936,0.00886903876906999,0.006842493139721633,0.005447829182590536,0.004450031110515532,0.0037130682454888683,0.0031540392921875966,0.0027202689659047087,0.002377127674360473,0.0021012025317221805,0.0018762905431324837,0.0016909522414816603,0.001536965081090069,0.0014083160782775053,0.0013005296770491582,0.0012102112530382096,0.0011347335455035145,0.0010720200816916393,0.0010203955174636578,9.784826947243743E-4,9.451327409694327E-4,9.193790669786161E-4,9.004093194034784E-4,8.875515269513662E-4,8.802720062534525E-4,8.781832128184979E-4,8.810598428527619E-4,8.888614186816979E-4,9.017597010959832E-4,9.201699324978764E-4,9.447863766765148E-4,9.766249663269728E-4,0.001017079076919014,0.001067998609466287,0.001131808253885516,0.0012116895864212709,0.0013118670044553863,0.0014380666734030213,0.001598274571720067,0.0018040162474786336,0.002072398616618437,0.0024284123292520185,0.0029072679410392026,0.003567745647490242,0.004522075416914594,0.005983118379959795,0.00839008200471033,0.01278410083048208,0.022153234826572863,0.04804979096076427,0.1649125148235875,0.60389896832374,0.12125340386952883,0.03793148529517775,0.01773968509002636,0.010155961266579375,0.006550086127784334,0.00456911862488534,0.0033694459245967516,0.0025900434705309187,0.00205604795585971,0.0016746473671133176,0.0013929874636835833,0.0011792408974359038,0.0010133514704629635,8.821931229298621E-4,7.768933253503257E-4,6.912829097148775E-4,6.20962551675653E-4,5.627217846335627E-4,5.141672216823086E-4
10,0.19996411456783786,0.16537855962391032,0.1381822914589107,0.11683230900575708,0.10007712526165133,0.08691999411333881,0.07657515549988006,0.06842666239383248,0.06199288183091361,0.05689735954003845,0.05284584378916973,0.04960889530365897,0.04700930731628193,0.04491340264683694,0.04322515611042399,0.0418820713658129,0.04085190048560765,0.040129661342304265,0.03973491498688685,0.039709769550647825,0.040118448915664524,0.041049482519019694,0.042621763051205616,0.04499613158278213,0.04839514363069368,0.05313579884326869,0.059684326538009924,0.06875085255388137,0.08146000548035051,0.09967299689513887,0.12662433395355518,0.16822620385609957,0.23571656779885172,0.3499817412957787,0.5383979345373606,0.7585759518713148,0.7538934127926488,0.5051810063325823,0.2956511188668841,0.17731187365991966,0.11305245490438512,0.07650852181900455,0.05448623374011357,0.04049473169524159,0.031193015665191653,0.02476421368109688,0.02016791513968511,0.01678077188974514,0.014214728234980708,0.012220519085719403,0.01063410731270274,0.009345683534235621,0.008280952858224186,0.007389327917915465,0.00663614608319847,0.0059973576286061125,0.005455844815104838,0.004998898360711086,0.004616548835210986,0.004300523608715563,0.00404363723175753,0.0038394566122570283,0.0036821214541142106,0.0035662422489008867,0.0034868366336821173,0.003439295652428694,0.0034193920810309643,0.00342335229374577,0.0034480104945049522,0.0034910503966784495,0.0035513190901706937,0.0036291799733791444,0.0037268677164658108,0.0038488266255718357,0.00400205461148026,0.004196530323035169,0.004445862305039381,0.004768367939901101,0.005188887980296903,0.005741820392838036,0.006476214959708127,0.007464513823782348,0.008818121111444725,0.010716597571817326,0.013466032273429294,0.01762530779935118,0.024307292543720944,0.035992856598609534,0.0591223523245461,0.11431474807804601,0.28550291196453353,0.7013531363552238,0.35657625051835307,0.12569831058691025,0.05815222300024107,0.03246958165784977,0.020435198043335358,0.013958830784183486,0.010124143695097083,0.007690038072364229,0.0060603980440975605,0.004921584116723968,0.004096502713842351,0.003479430622253271,0.003004421731053196,0.0026289463114811122,0.0023249339568630185,0.002073612725106317,0.0018623749270153776,0.0016827632226769117,0.0015291053048077162,0.0013975542318593525,0.001285410181376512,0.0011906547861461972,0.0011116498362016805,0.0010469578096907995,9.952448321303617E-4,9.552326297574751E-4,9.256752006285875E-4,9.053464200196647E-4,8.930345934346283E-4,8.875475723255158E-4,8.877362975976757E-4,8.92544484485468E-4,9.010870547226681E-4,9.127508521466498E-4,9.273015729000408E-4,9.449759246237672E-4,9.665421136439483E-4,9.933250457977807E-4,0.0010272105532167072,0.0010706597761201554,0.0011267800187895573,0.0011995244591680287,0.0012941681590751357,0.0014184008352599435,0.0015844731496551295,0.0018100538797605561,0.002108341005226019,0.002486966720105869,0.0029807128280107914,0.0036599370149328118,0.004640103837495525,0.006132155280120253,0.008570518951413777,0.012977559284100128,0.022248352863023672,0.0473171360572975,0.1555030602797935,0.6098083202964614,0.1335793285535774,0.04073812604666927,0.018798412874432967,0.010686729884649943,0.006868406473336248,0.004785176680394159,0.0035295921317058535,0.002716325352407668,0.0021598895769641495,0.0017623597495751281,0.0014682555889168575,0.001244348103366953,0.0010698222315072754,9.31144416701794E-4,8.19229020398961E-4,7.277986669470039E-4,6.523980489491198E-4
14.999999999999998,0.235938592936923,0.19369770298060243,0.15982723069897842,0.13301416673399552,0.11201313287657713,0.09570390110882956,0.08312285415165092,0.07346975297803267,0.06609600588122234,0.060482626876473704,0.056215081312305036,0.05296010260244605,0.0504475743436606,0.04845897188238243,0.04682238321670906,0.04541256262881042,0.04415305562343294,0.04301688708407613,0.0420232688550384,0.041230078199460014,0.04072432961503458,0.04061418626648976,0.0410257898054861,0.042107007527314555,0.044039243282467146,0.047058592804992624,0.05148929036514575,0.05779609579802722,0.06666939834175022,0.07917092839037045,0.09699731801974934,0.12298133811538033,0.16208032213462142,0.22331608400353134,0.3230059553541081,0.4849151118034756,0.7011909578665035,0.7949881262998343,0.6046730020066332,0.36568249452067997,0.2157340219894553,0.13356246754570059,0.08776315824091835,0.06093323486941571,0.04439082786190649,0.03371395582548704,0.026541128274268442,0.021546690790078434,0.017951219415067724,0.015277246841732635,0.013222010135719348,0.01158861566176202,0.010247535894594238,0.00911419948867978,0.008135065279954208,0.007278053127569522,0.006525271813260188,0.005867268342484316,0.00529869033067678,0.0048154058244378765,0.004412969525664987,0.004086114657243933,0.0038288523558310944,0.003634802771699966,0.0034975034482455326,0.003410571152032559,0.003367696036325039,0.0033625176061128775,0.0033884800496632316,0.0034387949773893914,0.0035066428700855357,0.0035857003922472046,0.0036709782434565063,0.003759819064366728,0.0038528075467066476,0.003954363665190265,0.004072944839452591,0.0042210043905701235,0.004415032568477053,0.004676083516351599,0.0050312032341676225,0.005516226295208481,0.006180638077702504,0.007095784939061926,0.008369008157597045,0.010169136317227755,0.012775470747733534,0.01667943097680254,0.022815800584316412,0.03315174272056095,0.052418926785360205,0.09424666255828187,0.20790559300428005,0.5588434814105445,0.5641780203153688,0.19618162489361352,0.08208583018189242,0.04263572226627569,0.025476823380597126,0.01674499877567557,0.011801478019913332,0.008781293213783122,0.006827214788475808,0.005503753068876174,0.004571837285181261,0.003891812341309585,0.003377876427022588,0.0029752170433318503,0.0026479606403737093,0.002372556989095458,0.0021339418356141845,0.0019230729263731493,0.001735103007546836,0.0015678720885027302,0.001420660747370237,0.0012932564828104607,0.0011853722271325568,0.0010963849761806857,0.001025301159895541,9.708372264800278E-4,9.315238895504533E-4,9.057789048008127E-4,8.919285246327637E-4,8.881853481504061E-4,8.926107950522965E-4,9.031048050772768E-4,9.174696682086789E-4,9.335803971056411E-4,9.496548527923916E-4,9.645623394428246E-4,9.780693638191398E-4,9.90929714961266E-4,0.0010047918755153392,0.001021998624588279,0.0010454978831392968,0.001079447923723177,0.001132042212691482,0.0012208212435138362,0.0013633193570233891,0.001549539171009264,0.0017697331462757167,0.002039727743400142,0.002386859904506384,0.002847111425225057,0.003473959161189874,0.004355942885869849,0.005652538221140076,0.007677314143464244,0.011118273882024026,0.017730990938234405,0.03312458327165629,0.08312884016742837,0.3656399730901168,0.31966830892765735,0.07178938486188732,0.028048087679365865,0.014591339148806573,0.00888859012088367,0.005980155588452157,0.004307784981542213,0.003261387833180435,0.0025638789958364037,0.0020752547440345483,0.0017188904515424372,0.0014501865527976965,0.001241898092203648,0.0010767244348280523
20,0.2993647394777253,0.246311507917096,0.20167618903416676,0.1651555568644327,0.13603866306349094,0.11332908705230538,0.09592796890777858,0.08278648713357586,0.07299174009839353,0.06579281153989774,0.0605890551218408,0.056900866567229126,0.05433664532123471,0.05256436286441902,0.05129323044674086,0.05026897796283177,0.04928315553242543,0.048191723427261364,0.04693286679227691,0.04553271429521216,0.04409327109885959,0.042766690313222964,0.041727154986030045,0.041151612735956494,0.04121513964515542,0.042100959565084146,0.04402265025161456,0.047257119190222234,0.05219025458596408,0.05938200041376934,0.06966486954967875,0.08430297292878504,0.10526509518659023,0.13571985437964573,0.18096204618221373,0.25008008053384945,0.35812176958888986,0.5228169743029599,0.7225362008295306,0.7910474294948548,0.604736052823173,0.37109722976995485,0.21937995615600267,0.13481801236370053,0.08763662614425718,0.06022590745883543,0.043551926525973284,0.032966091995756064,0.02598449842481499,0.02121890696561528,0.017857598139847084,0.015404596142028973,0.013543986779936347,0.012067565309635892,0.010836016205813457,0.00975817072866917,0.008779363298372703,0.007873212941441804,0.007033662201092052,0.0062665298299443145,0.0055816500765065395,0.0049871452558979835,0.004486598098531747,0.004078749201939416,0.0037586762360230543,0.003519406723273479,0.0033532823141841344,0.003252785974412781,0.0032108003335124466,0.0032203861785836275,0.0032742245381898317,0.0033639224670761092,0.0034794715022604017,0.003609235289325017,0.003740823792749358,0.0038629617368692104,0.003967977309726079,0.004054073860822379,0.004126498007433762,0.00419724821567793,0.004283761813711106,0.004407534382521423,0.0045936137225657874,0.004871581009679911,0.0052783716413289435,0.005863358407157565,0.006696631580277349,0.007882528855267374,0.009582736654811455,0.012058263140427702,0.015751630795531008,0.021462726137933895,0.030766684895473444,0.04714120350736898,0.07952460611017542,0.1558335884581862,0.37676087280529363,0.7335966414200871,0.35473192822772137,0.1337106568820543,0.06285651580578076,0.034888991800264564,0.021683437638722457,0.014634718094714108,0.010534702598676855,0.007994553677738004,0.006342455531074002,0.00522447012027797,0.0044407167818036825,0.0038713012925652435,0.0034403130871309773,0.0030975164726775558,0.002808943688794431,0.002552164960689159,0.0023138518463651967,0.0020880851419005707,0.0018744959325486799,0.001676026728730146,0.001496682575836382,0.0013398219345327623,0.0012072947162399907,0.0010993514643470397,0.0010150112211713663,9.525609546810478E-4,9.099717862710218E-4,8.851417739516661E-4,8.759573514799012E-4,8.802068042902461E-4,8.954023734196582E-4,9.185916557688286E-4,9.462634947594168E-4,9.744510694950086E-4,9.990608000752471E-4,0.0010162928564810944,0.0010228608917737954,0.0010159625105361258,9.95006110057909E-4,9.718401102560282E-4,9.79018587651242E-4,0.0010294205124853318,0.0011032973780606221,0.0011913517932018738,0.0012982313020511753,0.0014327870779683727,0.001605397600461156,0.0018286207999157703,0.0021189180865003364,0.002499392837816712,0.003004448944494357,0.003688376176149211,0.004642269638010057,0.00602985788782682,0.008170561628812184,0.011756582256873493,0.01852093674548805,0.03383163816109387,0.08102543137104021,0.32273146725092855,0.37773547986840844,0.08515428804827524,0.03230920444054984,0.016516803116526545,0.009954298933255067,0.006653239432860942,0.004774971013972738,0.003609673224017176,0.0028383016825511047
25,0.3988771915261667,0.3368577012081764,0.27959911508370255,0.22878141142806577,0.185689489031887,0.15070020117721836,0.12330549887000417,0.10245719359212324,0.0869393922431326,0.07561501093599146,0.06753364361367345,0.061946488259730495,0.05827484063992334,0.05606178532771406,0.0549225532532827,0.05450248598349579,0.054451001779544914,0.054420949944846746,0.05409907105910848,0.05326044374374611,0.051822086882229765,0.049863598251560406,0.047598542966840476,0.045310535973704255,0.043287279966353245,0.04178031692521982,0.04099852463030529,0.04112789880668115,0.042366516718808485,0.04496807706607846,0.049294019200647625,0.055879907485318354,0.06552650741865745,0.07943139835916722,0.0993862145699942,0.12808400225005756,0.16962004497230632,0.23031376949150262,0.31980866291995,0.4506481174966154,0.6253554875333798,0.7805530621743995,0.752330313883187,0.535786679726648,0.32547147879964217,0.19363287171158355,0.11963591873283112,0.07801299456869597,0.05377070403811638,0.039062431495485356,0.02978725545003745,0.023734899625488397,0.01966529221300569,0.016851365617583044,0.014845638925841538,0.013357395937638333,0.012187228547234133,0.011193496041140555,0.010277581577790879,0.009379322433095232,0.008475085465071013,0.007572380114893908,0.00669878799787518,0.005887967387784865,0.005167927482732135,0.004555088393633347,0.004054084368285584,0.0036609274650040166,0.0033669748018313557,0.0031621613677815757,0.0030370035850313224,0.00298345745253518,0.0029948775960211165,0.003065281999097975,0.0031880649850875033,0.0033543437643589968,0.0035513434239810124,0.003761585262271247,0.00396388773700543,0.004136844864058961,0.004264220653513242,0.004340151537138999,0.004371583169104527,0.004376826070327119,0.004381472720273061,0.004414220176085945,0.004504659918415848,0.004683789687994473,0.004987106903742063,0.005460102347482347,0.006166602688714142,0.007201515957202223,0.008711306221267087,0.010928843595869993,0.014236547883281167,0.01928969128427304,0.027280822241336072,0.04057532173232305,0.0644577806913916,0.11272555987555881,0.2282710194386177,0.5332557980124637,0.7005717661863915,0.2962386449217712,0.12057610870515223,0.05919884612817206,0.03349394986482559,0.02099412862526807,0.014240214660794717,0.01030373973053434,0.007876712931003154,0.006314991116578147,0.005275883340483131,0.004564545199703781,0.004062811733290438,0.003693925787849389,0.0034044708232626284,0.0031555328413758123,0.0029193324188166434,0.0026788750495829973,0.0024282473138960924,0.0021714343802871597,0.001918843393061421,0.0016825866718506606,0.0014725123555357335,0.0012942960088128562,0.0011495348543237637,0.001036941587360332,9.5372907937832E-4,8.966845948835057E-4,8.62810031291925E-4,8.495996128811624E-4,8.550771468454566E-4,8.776881419510033E-4,9.160031600636582E-4,9.675298311975896E-4,0.001023523948112984,0.0010572760870684414,0.0010438616154148813,0.0010166706438376268,0.0010059374057739868,0.0010075864224405925,0.0010152262130883939,0.0010278597697194894,0.0010476102787539312,0.0010778826045392319,0.0011226148464452545,0.0011861566047008858,0.0012734761297964925,0.0013905599767862632,0.0015449746281335811,0.001746644365979927,0.0020089967400671828,0.0023507803035233304,0.0027991464846785926,0.0033951725010246624,0.004204279485293885,0.005337020685402039,0.006993568436988143,0.00956807580768412,0.013925449427947824,0.02226908504217528,0.04159253987264929,0.1031979967417509,0.4021076159930098,0.316848209355789,0.08071640572085839
29.999999999999996,0.5242964755679798,0.4667165003947431,0.4073079187626213,0.34659676401533146,0.28735470714677486,0.23320128690316097,0.18693060111183332,0.14964615953299812,0.12093450232588872,0.09954189785167183,0.08399609307313735,0.07296283061980645,0.06537441805057481,0.06043033262850999,0.05754461879024206,0.05627783560584917,0.05626762015054954,0.05716298076266174,0.058569868242443084,0.06002506885631909,0.06102272764540251,0.06110666840874793,0.060002365296427974,0.05771746961431877,0.054540569907306956,0.05093304507712958,0.047381625461942724,0.04429072817648344,0.041947601077936915,0.04054552212507169,0.040234518666594304,0.04117822887721496,0.04361050462252243,0.04789601457900544,0.05460451442415506,0.06461042773866134,0.0792283991022569,0.1003896264887504,0.1308505843146538,0.17440827743498657,0.2360842997124582,0.32217426627037415,0.4393990596207807,0.5889389612634324,0.7419481769650829,0.7982162754610134,0.6642302169219658,0.44023623052391686,0.26434322132692234,0.1584759531634765,0.09893265387079966,0.0651701197339978,0.04539385331280465,0.03337065863842503,0.025804413872127754,0.020903798813889617,0.017658553900039654,0.01547355266997331,0.013978677126886753,0.012926533180088441,0.012136482728178343,0.011466194289425718,0.010802508877810816,0.010066150717201053,0.009222013019392128,0.008283394734339002,0.007301687231690356,0.006343737583386226,0.005468435959986344,0.004713174207424261,0.004092398791014249,0.0036036492707267973,0.003235378266211156,0.002973206175188698,0.002803742256671702,0.0027163758778768143,0.002703708715155635,0.002761103761787799,0.0028855312413302325,0.0030736664450448235,0.0033191582190854473,0.003609296509532869,0.003922095645470136,0.004225855593895272,0.004483556619886137,0.00466253002897331,0.004745822950431977,0.004738903107229343,0.004667649253604578,0.0045696022016808585,0.00448438423255829,0.004448050770926043,0.004492547419205441,0.0046490565876958385,0.004953802398246449,0.005455900118608311,0.006228169710203751,0.007383302118116771,0.009099804328673513,0.011665770773356324,0.015556035042336689,0.021575874355372185,0.031151195480499556,0.046983798925144565,0.0747437399270208,0.12809059718856608,0.24504049242854625,0.5216351646279067,0.7679560542640369,0.3959971880005829,0.16223256625848712,0.07688223692755891,0.04184946159385367,0.025322788645550424,0.0166636209642634,0.01176191650823757,0.008822705545143857,0.006983765528451991,0.005798434940890135,0.005019889588391028,0.004502696491283556,0.004154266101638462,0.0039093957653416325,0.003716905812142463,0.0035341385794535117,0.003327608642112497,0.003077615234167865,0.0027825094684280575,0.002457739629121772,0.002128354918384308,0.0018189137360854887,0.001546314625008513,0.001317911994989461,0.0011335554099998009,9.891589543646498E-4,8.808372236779685E-4,8.11104631806958E-4,7.964916022793972E-4,8.462453822988466E-4,9.108946287265994E-4,9.506349154507275E-4,9.757426490860276E-4,9.98513255838212E-4,0.0010218689145026676,0.0010443209923585695,0.0010633975353023526,0.0010772585821461843,0.0010854178001270503,0.0010888938954319418,0.001089955806756556,0.0010916629177925696,0.0010974123584220673,0.001110638629395484,0.0011347138410486679,0.00117302602019043,0.0012291879321319268,0.0013073388071223563,0.001412527983595263,0.0015512019738556058,0.001731854893210042,0.001965956763037501,0.002269366964027042,0.0026646144333830803,0.00318477278629185,0.0038803833748705854,0.004832489804209983,0.006178704822461031
35,0.6410458969217581,0.5973956491744126,0.5556251078152478,0.5101532204945514,0.4571968575598613,0.39649436397501736,0.3317177039959418,0.26882958025650394,0.2132441826193298,0.16784872296840253,0.13289872434253042,0.10705732261297225,0.08847237987969307,0.07541130229880286,0.06649657450137818,0.06072377887445169,0.05739643199105258,0.0560420661796158,0.0563297094034846,0.057988460154980444,0.060721902440947405,0.06412105291136665,0.06760010659407634,0.07040658052441774,0.07175919269359936,0.07110111805368936,0.0683402664587609,0.06390309794346724,0.058550501708882,0.05308743636253116,0.048146387350625174,0.04412053538449186,0.041209168686328686,0.039505078631477133,0.039078653912132964,0.04004620433611669,0.04262916299791715,0.04721783661845306,0.05445487665695257,0.06535256819723988,0.08145137985483918,0.10500433670414042,0.1391148325598115,0.18765760268109893,0.2547390188412726,0.3435877320499738,0.45508388049907517,0.5853773785401102,0.7178851396436347,0.8029217830967325,0.7576224142998957,0.5727289430537224,0.3653715661790703,0.21837085446001958,0.13165873546749357,0.08282434524220146,0.055002871125725994,0.0386467591560601,0.028689267360610855,0.02243620689561169,0.018418278322127255,0.015806425762410002,0.014113551842793889,0.013037588220567201,0.012374691289846904,0.011968489079647622,0.011680675038080686,0.011379279284036046,0.010945871010952683,0.01029949609383191,0.009423522550096933,0.00837306634761204,0.007251097149240961,0.006166314719885571,0.005198915713894412,0.004388952322608758,0.00374323211056071,0.0032489983155909443,0.002885913249693188,0.0026335888864609074,0.0024752531188848314,0.0023990134897695433,0.0023978932952727033,0.002469271319570468,0.002613878506522192,0.0028341296363116617,0.0031312989987300876,0.003501029427109736,0.003927288185346846,0.004376637461272978,0.0047972597635724794,0.005128043171584564,0.0053182387541909105,0.0053484434240783285,0.005238823890618664,0.0050390864486245975,0.0048088236708249965,0.004601352132681418,0.004457397087728146,0.00440711338774637,0.004476296294749553,0.004693989175297,0.005100937504485763,0.0057600895154249114,0.0067717405055535565,0.00829762871962481,0.010601127940408692,0.014115781429946874,0.019564061270012836,0.028168719901501375,0.042051466230217084,0.06507149656289332,0.10486960507756432,0.17852920561523225,0.3280011984279175,0.6245507061705204,0.7913809690020805,0.42589095402354965,0.18288595846534608,0.08716032596291295,0.046959098019357506,0.028010708127881666,0.018182812770740023,0.01269429567117849,0.009452198744891924,0.0074579022913126404,0.00620045045985642,0.005402470098215687,0.004904575435058624,0.004608491969046695,0.0044466128982065785,0.004364250724936621,0.004308919144779238,0.004224444515514207,0.004047661371008794,0.0037041363359730573,0.0031198254181315894,0.0023532485609907166,0.0017455349259567665,0.0014616758393947611,0.0013330341273376383,0.0012405204173371362,0.0011576589884019577,0.0010854927452893146,0.001027501998655144,9.851407621107098E-4,9.581537368519774E-4,9.453514082443511E-4,9.450875725100344E-4,9.554595066663477E-4,9.74357534600944E-4,9.994721808500074E-4,0.0010283364340285936,0.0010584493510295224,0.0010874897492114133,0.0011135861926513941,0.0011355750549115514,0.0011531702983732287,0.0011669951547477854,0.0011784756938673852,0.0011896436742273144,0.0012029188705669615,0.001220934352084468,0.0012464434387578836,0.0012823208442564419,0.0013316541132039014,0.0013979180745149664
40,0.7539938263252604,0.7012162997090734,0.6629354559018842,0.6359071081313025,0.6135494339218732,0.5880492925069938,0.5521262436000517,0.5012714878846248,0.4360191892418648,0.36252400695149484,0.28996434171219787,0.22617198038763725,0.17492911509666198,0.1362670985308787,0.10823057206340411,0.08839597724659462,0.07463549535522157,0.06533588487023709,0.059368527823458236,0.05598701531922776,0.05472387266714143,0.05530334947095472,0.057563926758561396,0.06137502346468518,0.06653124801671648,0.07261936622739194,0.07888991751618324,0.08422703503417535,0.08734442637681583,0.08723599708895195,0.08366089819026634,0.0772940430590343,0.06939872368441645,0.061282113134321366,0.05390615349981337,0.047793025105690175,0.04312809940349147,0.03991538449764718,0.0381053767238563,0.03768012096471447,0.03870998282013059,0.04140275734866776,0.046164318518694694,0.05368875811011267,0.0650951869460519,0.08212112357899766,0.1073488531224245,0.1443405883388253,0.19734970488370482,0.2700642425684374,0.36318169080350865,0.4721839366972195,0.5878750464369146,0.698700647090822,0.7871998164329762,0.816308370992196,0.7341392265743817,0.5473645686709281,0.35016288606703133,0.20965144055860468,0.12599535704235487,0.07875127461822128,0.05189328158555377,0.036174691392560764,0.026657444010492623,0.020717320723637463,0.016930040704420935,0.014499332902695115,0.01296542934539835,0.012052681689293323,0.011585624231926777,0.011438334589353578,0.011499893470353188,0.011649640851988463,0.011745052279117702,0.011632011588393928,0.011184204379577012,0.010357334595190299,0.009218590107388078,0.007919533259981746,0.006628096528485651,0.00546890620003404,0.004502867611652681,0.0037393112531704472,0.0031587836061376753,0.002731746615631857,0.002429382306658456,0.002228257604800801,0.0021115766765009156,0.0020689811556799365,0.002095940792020228,0.0021931357244615287,0.0023658145636183013,0.002622764404704093,0.002974131465843077,0.0034269150137797412,0.0039769335329514505,0.004597503457474663,0.005229285977528532,0.005781620434271004,0.006155746875606297,0.006285479728704409,0.006169371133907521,0.005868744827594369,0.005475261609865585,0.0050751727887819245,0.0047307431906558105,0.004479745588402215,0.004344080660991108,0.004340043356469847,0.004487420815202883,0.004817838368635431,0.0053843113532478955,0.006274924499885418,0.007634935962402745,0.009704127235854865,0.012880547106472698,0.01782839407550039,0.025656393676484698,0.038203010493132135,0.0584845631416345,0.09145466515216073,0.1456256688119517,0.23730340799728755,0.40018068068634266,0.6756224868176645,0.8522919000772871,0.5328433671365401,0.2389617514507828,0.11171677739809087,0.05825230872688157,0.033621137844653565,0.02116988876844916,0.01437601478312316,0.01045174115417124,0.008125875530884834,0.006828846466343739,0.006333215240840358,0.006254471098086263,0.005901706497763571,0.0053226746817621245,0.004800745174546446,0.0043787365025768805,0.004020189060130698,0.0036908537497753174,0.0033717947267345462,0.003057624609197905,0.0027519150817531595,0.002462289075910426,0.0021964503312068735,0.0019598519190385487,0.0017549755227910517,0.0015816877801087185,0.001438051253920606,0.001321149743534318,0.0012277216880707635,0.0011545609549887441,0.0010987236130386845,0.0010576000449539556,0.0010289049058695818,0.0010106226534387576,0.0010009325564639027,9.981266380801462E-4,0.001000526300707901,0.0010063965688607377,0.0010138485049631164,0.0010207070316261629
45,0.9128397485123191,0.858721812586253,0.7887524079583978,0.729727608272368,0.6907042694649891,0.6708320169219635,0.6649094812591722,0.6654282704935214,0.6632788155409804,0.6487750482311356,0.6137410953864174,0.554600550362299,0.47521356392895103,0.38660235682660204,0.3019516798272628,0.23047832597229329,0.17521173830877734,0.13478645380899917,0.10613132413872868,0.08616765394111349,0.07244522997468428,0.06321217031008125,0.057290820898348346,0.05392929367387173,0.052681809240921,0.053323152736339176,0.055786189891740674,0.0601047857365258,0.06633848995938162,0.07444974701380624,0.08411040959702738,0.09445924290651318,0.10394183479285687,0.1104866779193532,0.11219672206958434,0.10829342134245633,0.09960021906847523,0.08810676543408372,0.07599006550819863,0.06485092287674966,0.05550920963290068,0.048186263225924134,0.04278214755980928,0.03908925585759248,0.03691608158357148,0.036149269815851,0.03678747974309237,0.03897212559597954,0.0430333898460207,0.04956852537088612,0.05957218041737781,0.07464025399487766,0.09725379692620714,0.1310730958077749,0.18094068302685282,0.2518374021105172,0.3457893838626434,0.4573597967717896,0.5725614180172575,0.675734182590405,0.7580596992830526,0.8160578594504205,0.8386452473889462,0.7947133550598252,0.6555384977157489,0.458249893876293,0.2845003505455061,0.16961848162178036,0.10272790322513048,0.06494721583841992,0.04329376995179801,0.03049202137655745,0.022665447070038328,0.017741382489485143,0.014586045132897192,0.012561889134055648,0.011301239437575165,0.010587709194838467,0.01029113340633162,0.010328401624086509,0.010635230812659949,0.011140492558563435,0.011740439842666907,0.012279219260667931,0.012554377720439129,0.012369089350101512,0.011623645281128267,0.010384644785919755,0.00886211406269416,0.007304845841188631,0.005899741244064134,0.004736325774674698,0.00382663245523311,0.003141595099634058,0.002639263889811416,0.002279849520251725,0.002031397712316454,0.001870710474770416,0.0017824949653423468,0.0017582098362697023,0.0017951956128887106,0.0018962479052929678,0.0020695753082660318,0.002328884269179474,0.0026929841080767856,0.003183651720019807,0.003819526960693483,0.004603167206232499,0.005500302868045319,0.0064185094422114074,0.007206350444796619,0.007696931873870085,0.007787042591504297,0.00749389476876107,0.006938463708605288,0.006275543700608677,0.005631863089139236,0.005084163573891747,0.004667553080301809,0.004393417087797116,0.004265010851413468,0.004288226061268743,0.004479256503766515,0.0048718821111795735,0.005527269868221872,0.006549847799942562,0.008114633900683932,0.010515074778375266,0.014246830933951076,0.02015249814444631,0.02966226838392124,0.045161371367288865,0.07044760888398326,0.11097708500631322,0.17281874876904305,0.25763938739401204,0.3531752847726953,0.4530838649154473,0.6420834061024462,0.6858173947812289,0.3473927809323978,0.16488056985461128,0.08886057946309546,0.05326695587815092,0.03462937841590353,0.02402054565197645,0.017583072030921458,0.013471291158301226,0.010730310631687345,0.008834409848679113,0.007478763812298046,0.0064785194849531985,0.005717035003120863,0.005118088092055567,0.0046303847033373514,0.004218638720909188,0.003858253034659281,0.0035319800116132573,0.0032276327890525566,0.0029362935285480313,0.002650662919996142,0.0023632581966800716,0.0020640682868048777,0.0017369140492682472,0.0013530094758804224,8.606602726241676E-4,2.1330088475979866E-4
50,0.7205641565537663,0.8615060253777066,0.9521746986606829,0.9552339621146235,0.8913759385775296,0.8090856345928973,0.7407477647180225,0.6973796914249566,0.6791352893780075,0.6822939606109637,0.7013794916683768,0.7290077939546642,0.7554510977215897,0.7691577272728777,0.7586377221877473,0.7154859493974949,0.6383068285541313,0.5359601719123583,0.42568494394371903,0.3247896244055843,0.2430528501427421,0.18195407741643121,0.13834242051513607,0.10790383959465501,0.08685685135380677,0.0723874762218283,0.06255787019827733,0.05609042927770273,0.05217404504201567,0.05032485829847021,0.05029628341060511,0.05202493211998813,0.05559867077908257,0.0612316320411584,0.06922438675020735,0.07987370309098452,0.0932799922552703,0.10900684965892107,0.12563718322326248,0.1405013513105409,0.15009159518087983,0.1514447640198915,0.1438056263080509,0.12915975498321544,0.1110831314170474,0.0929669162329388,0.07695798066582324,0.06390839728837344,0.053828945693091705,0.04635420378889825,0.04103749835722611,0.037491215714558775,0.03543745417646659,0.034720710598806284,0.0353127553582813,0.03732632571189234,0.041049352206713914,0.047012870208045926,0.05611195905814957,0.06980798481370908,0.09044384292066832,0.12166974195723222,0.1688080393484497,0.2384809200030788,0.3359397641513491,0.458745502301558,0.5907012426425348,0.7070115055911638,0.7908978649999858,0.8420769925361077,0.8691265311266909,0.8768975012244381,0.8552649757513301,0.7750359888076304,0.6168638421135862,0.42234183250861795,0.26062412594196116,0.15565608555690974,0.09460422965454775,0.0599475506613796,0.03995507997878913,0.028057725299755795,0.02073597166738971,0.0160950353108404,0.01309139610092733,0.011134747701572235,0.009883431187491801,0.009137368797850492,0.008780457527795868,0.008748195784563765,0.00900757504911765,0.009541173375087435,0.010329117885329203,0.01132360047701061,0.012414816945008712,0.013400432283618528,0.013993385052098045,0.013910037265919236,0.01302399083639648,0.0114688950023794,0.009575855409661318,0.007694277237067677,0.006053405973496228,0.004738708409264122,0.0037393862904395495,0.003003172804249727,0.0024709548648761516,0.002091864543183253,0.0018271484566382678,0.001649342442445783,0.0015401806628807292,0.0014886512703591954,0.0014896478796810684,0.0015433006159447625,0.001654972005353416,0.0018358906588767931,0.00210435581551353,0.002487245328440159,0.0030209594663015327,0.0037495349147560583,0.004715136559786752,0.0059334749384696,0.007349414480155248,0.008787848776099923,0.00995334807571722,0.010538853536451414,0.01040410660692226,0.00966243906294187,0.008587711372444067,0.007450591897499004,0.006424957507010083,0.0055853294436894645,0.004943769777692098,0.004486042786493081,0.004197533791453003,0.004090167110998587,0.004264750751633183,0.005055676576979232,0.00685861285588015,0.008871267706171105,0.010337366160364871,0.011792898794317077,0.013719856674240952,0.016388237465524463,0.02004905201290922,0.02503232949216184,0.03182547113571762,0.041202033471506465,0.05448411370199844,0.07411155301306394,0.10494831050627265,0.1574359063198028,0.25479183010747675,0.4369305567538628,0.6363300709798684,0.4994675471804288,0.2529192871506019,0.12368031551386466,0.06307842350774946,0.031423890876711776,0.023771997193587264,0.9016797163567185,2.071027629105439,1.065572219772588,1.6454254223763376,0.3657130564572312,0.42168166683466496
55,0.3338060848555645,0.38826546915030735,0.47106857826745807,0.5897103328347005,0.7435722784947659,0.9055498330288546,1.0135302920358324,1.0179203285078482,0.9399537739217059,0.8385035409470142,0.753012912126291,0.6964897831061877,0.6694149506368817,0.6689378475110088,0.6918704244510234,0.734598127653466,0.7917355063177068,0.8546563178819981,0.911129937567255,0.9468953249311244,0.9484642609078947,0.9059089436630975,0.8165187773216179,0.6898197377383173,0.5478640321670937,0.41518169865975807,0.3068421822630842,0.2259127661270259,0.1684090840386776,0.12846063690871656,0.1008786572362613,0.08181257682132682,0.06861775138205983,0.0595429168490718,0.05345225063187115,0.049626000257436576,0.04763044098312382,0.047238682243923316,0.04838700063773863,0.051156140055791596,0.05577010248152517,0.06260481623837202,0.07219342907070284,0.08519968896618428,0.1023013086362362,0.12388626240046718,0.14946103558301796,0.17682479130436718,0.2015116442914233,0.2174959637291678,0.21971200285679596,0.20704568991834643,0.18315108137075015,0.15422189279524742,0.12583288193628803,0.10125089821849947,0.08154709458512824,0.06647963869794533,0.05528881233374222,0.04715269188740033,0.04137556408894169,0.037434705325278324,0.034970975884326364,0.03376623946745467,0.033725889355831866,0.03487400962491754,0.03736590558761378,0.041524450290550644,0.047911864473012586,0.05745762445920843,0.07167677024684357,0.0930274158322061,0.12544845273346,0.17499683572355818,0.2500064914913041,0.3589194256138714,0.5027316246335747,0.6637321560737125,0.8067391293374891,0.9036487832102071,0.9521263742273589,0.9663048251575347,0.9611247140351612,0.9458501828648185,0.9209376215445075,0.8723124238686336,0.7709429691054751,0.6028019565553332,0.41009768903296206,0.2537641083107184,0.15240644944734358,0.09299831393006212,0.058959280778968205,0.03915662903144174,0.02728555053072274,0.019928604501692905,0.015226656297004188,0.012146083653756827,0.010096563316286005,0.008732445096164127,0.007847932321927433,0.0073206200952666695,0.007080536023677472,0.007092969588016627,0.007348757442214733,0.00785803061460106,0.008643840739754651,0.009730908609114998,0.011122475660343318,0.01275761906036104,0.01445100098436559,0.01585002233882135,0.016491053077163097,0.016014520713649977,0.014423547423799048,0.012121629730448296,0.009660481103601683,0.007453784867298583,0.005680116446864163,0.004344898542622927,0.003375652245845667,0.0026848987041883624,0.002197202176273233,0.0018556719217517692,0.0016202421799318134,0.001463927671716505,0.0013694058060058753,0.0013265549769938842,0.0013309924551361204,0.0013835740104604112,0.0014909950752234108,0.001668127678577805,0.00194406837370464,0.002378071429054558,0.0031065595006164637,0.004501140005971407,0.007694526525284283,0.0143720037165519,0.015706759825939397,0.010728181457344223,0.008375570099273068,0.00757489457403607,0.007288799947857318,0.007143942831668654,0.007016739660435724,0.006881430014389843,0.006751924712922881,0.006656468675891382,0.006628467149209107,0.006708144404718298,0.006955609122449595,0.007487845896883227,0.008598682599637048,0.011317160502905498,0.024973871548359155,0.5995605068361147,0.9012556169810095,0.010951265926214204,0.009448003290534843,0.007808694325683863,0.0808837549471196,0.11958263681710508,0.3823387230234162,0.08267218977665855,0.06799331764173733,0.1332954633987589,0.15236610518974342
59.99999999999999,0.2656201732960902,0.2528597208745902,0.24984244618803494,0.25678226108136337,0.2749878048201514,0.3072336651239979,0.35829783238802027,0.43551500947893784,0.548407218002242,0.7041359658779707,0.8920979663958899,1.0598411400451972,1.126998069036536,1.0697211451304283,0.9470491079648609,0.823994033235138,0.7296036405435459,0.6687535831549375,0.6384707281054047,0.6352288051624132,0.6568926786545676,0.7025897928028737,0.7716451185856171,0.8617640570005967,0.9667165256525143,1.0746768393837112,1.1691561460808362,1.232945951284352,1.2518995787317397,1.2155542350429929,1.1179493471930022,0.9643220713653041,0.7781069454909965,0.5935529453947191,0.43709712058744116,0.3179203404242059,0.23261936143276202,0.1733103841694014,0.13239803477632697,0.1040748092675984,0.08430505990868363,0.07039702440692859,0.06058334313211467,0.05370988334624454,0.04902725800290584,0.04605767069343797,0.04451267308905368,0.0442448495535918,0.04522289418846657,0.047524216732737996,0.05134240905173696,0.05700887609619756,0.06502835393168313,0.07612531719960082,0.09128833329153051,0.11177394154242105,0.13897853706215998,0.17400392823268773,0.2166904993798961,0.2640911864720837,0.309133309108017,0.3412891805817968,0.35067482533146604,0.3337215989911203,0.29561641515183346,0.2470522346111424,0.19839424281550364,0.15600975469398323,0.12209862746444176,0.09628102575615852,0.07714646296953692,0.06315344653821871,0.05299295211073859,0.04566786892821445,0.04046132471527038,0.03687792645675817,0.03459013983231083,0.03339887605619259,0.033209099600913415,0.034019529728958664,0.03592646792380002,0.039144154600603276,0.04404787206715389,0.05125216183889725,0.06174670905028289,0.07712889213836036,0.09999505161511203,0.13456889370982747,0.18758318040891725,0.2690257224998801,0.3909555759805792,0.5599157083244347,0.7601685440527357,0.9454192256147913,1.0697841526204495,1.1265816154375123,1.1381355595370695,1.1258462453735496,1.1004902985625844,1.0670001051136069,1.0289947226564218,0.9870899975628429,0.9318795528233775,0.8389419546163469,0.6852771605332897,0.49109669827516783,0.3151374019080377,0.1917563586151497,0.11642988288076532,0.07261387317658947,0.047097194859345604,0.03188656706722205,0.022533281234697954,0.01659581161422061,0.01271555101621282,0.010117854762263817,0.008349060577003381,0.00713692527146775,0.00631519469000267,0.0057820249182804285,0.005476775876350034,0.005367180211750399,0.005442716413412292,0.005711991246069581,0.006202881087680552,0.006964314840826629,0.008067582241423552,0.00960192123342137,0.01165236945788619,0.014237962891010727,0.01718745480692965,0.019976795860366305,0.021685486275194323,0.021322392466161147,0.018486199731891275,0.013817561340494562,0.00889200534829119,0.005567847014985928,0.0045307733503072685,0.004769464387002672,0.005047201423023064,0.005027849942451745,0.004841264307883798,0.0046290908930585765,0.0044704225197008925,0.004411988869276319,0.0045063721296076,0.004871037294565458,0.005902114243728282,0.010426656683675052,0.3397039622414321,0.5151375277738375,0.12027318467440913,0.13434444081283056,0.012813869602909261,0.032395485321170765,0.31718345003579307,0.4645230544356051,0.2220585337321275,0.10452909984395904,0.053816918570561326,0.018148295993056986,0.010379193618078134,0.010229563817379128,0.015132532649744929,0.03529959679767779,0.06915622172744837
65,0.5657614957691198,0.4800625689383024,0.4053103018802249,0.34519391320577614,0.2994635191350617,0.2662678926065503,0.2435586351501531,0.22969986463250713,0.22366871736204053,0.22511481026723013,0.23442171713014862,0.2528497125245018,0.28282090882508143,0.32840584189889827,0.3960252008969689,0.4950983417776306,0.6372414967153983,0.8293830719826586,1.0522694710345841,1.2323396821282229,1.274635149391775,1.1717992949013827,1.0070779585032938,0.8525537491898169,0.7343948420024914,0.6535742889097131,0.604284629584165,0.5810791590279458,0.5806072699424345,0.6016876502151322,0.6450108703056521,0.7127099655559423,0.8076038836941153,0.931682303481904,1.083422099864732,1.2543195066517097,1.4269619814045533,1.5782378257959373,1.6875974405718992,1.7430298748974047,1.7380611907879082,1.664454088247701,1.513341348314867,1.2904681143041452,1.0291365812398496,0.7768999310999853,0.5675330872163352,0.41029356348866564,0.298570280396315,0.22103490918832683,0.16743092377163063,0.13011256516016625,0.10382106420588517,0.08505490859019305,0.07150418054989055,0.06164219296227659,0.0544537114775606,0.04925999136398094,0.04560762245322289,0.04319842444529619,0.041845826439929484,0.04144879057127642,0.041978041451911925,0.04347183994072469,0.046040325890171735,0.04987892542337546,0.055292723592149526,0.0627351494488373,0.07286561949675976,0.08663098879418352,0.10537188897225586,0.1309399474617661,0.16576941550618107,0.21274962262840424,0.2745734660896102,0.35207620229411635,0.4413303434828814,0.530639553146737,0.6007899059104039,0.6316860010073986,0.6129237396348305,0.5502105759519753,0.4619603705096876,0.3690215804119698,0.2859469479360924,0.2187919810425463,0.1676311040918402,0.12986465775419934,0.1023628587690914,0.0823948918122712,0.06786138008180574,0.057242042968694895,0.04946770604064502,0.04379753103716068,0.03972347945267663,0.03690238569129456,0.03511020704090794,0.03421287014750794,0.03414959540642775,0.03492630026300068,0.036618383350360655,0.03938402821520628,0.04349153799210913,0.04936780679713734,0.057681017112857676,0.06948099831646655,0.08643843050949668,0.11125236032724334,0.1483299169714245,0.20483531001324215,0.2919352539817986,0.42479118108555974,0.6162291394159327,0.8560530314909925,1.087915063646968,1.2391523512613216,1.2935983926302461,1.2913685231007979,1.2730014744636877,1.2549579467824081,1.2350722735330555,1.2043374796780189,1.157468188735635,1.0979510859335007,1.0340732088462727,0.9688009221202236,0.8898042361056098,0.7689976690190911,0.5913867234339711,0.3950341734303232,0.23756707157771775,0.13643590375835132,0.07785305385707349,0.04466088124201738,0.025466098646135717,0.013996468038710352,0.0072908300058019924,0.004985641496970918,0.009826699449240878,0.019881039932250023,0.023233569298096342,0.021874639263623933,0.019951188535891964,0.0186500229198333,0.018350849502559666,0.01990405519641323,0.029170364169803783,0.39841457565643634,0.02164530585381061,0.00246070771133686,0.009508320020151444,0.03511928979129887,0.15569871000801586,0.32653135724814025,0.10317840083310197,0.04091360365958069,0.04878238877064387,0.0991431358537975,0.1109616196723163,0.09394162583863443,0.07981881786978483,0.07061085813211773,0.06846073925375208,0.07743783028370009,0.1031014435063041,0.17072777172806225,0.3412079338521514
70,0.8729960455837238,0.9054387309877487,0.9377592807915138,0.9629988037732664,0.9670100103391871,0.9346297541484878,0.8605995569984065,0.7559284827918958,0.6412430282811065,0.5344007997186124,0.44449460027595683,0.3733008559605673,0.3188990052216055,0.27828688512608063,0.24862706780698843,0.2276609875401132,0.2137588685575478,0.20585444051848353,0.2033712139606276,0.20618111116443247,0.21461284039384715,0.22952466531006602,0.2524644175178402,0.28595513061402394,0.3339628992588806,0.4026018553715029,0.5010118851866053,0.6417543717170683,0.8379986358912832,1.0899001134549477,1.3518209317727767,1.512329983048784,1.4797288869406393,1.2974768730538107,1.0774573051088323,0.8876393753795087,0.7444795031441044,0.6428874766528696,0.5737171859490544,0.529327769771014,0.5044971037153448,0.49612813011838025,0.5028372303941699,0.5246848971452188,0.5630739289622001,0.6207783343627794,0.7020264441824594,0.8124760704908197,0.9587348628362184,1.1467821386992736,1.3784483230162572,1.6458126948089529,1.9262557015602382,2.1848331452542724,2.3881805131133067,2.5208001760649736,2.5871893361223512,2.5974029106302723,2.549547907161798,2.423139490458563,2.1929138274378306,1.8614204123800464,1.4783973344757375,1.1137949814020802,0.8140130065712528,0.5895720272989097,0.4297125390283116,0.3180821349592348,0.24025362043002532,0.1855356735520812,0.14655562189910248,0.11837001664134854,0.09768600984346129,0.08230081574961606,0.07072668226520065,0.061947018672500256,0.05525908917707275,0.050172366453710364,0.04634245620664138,0.043527871960964214,0.041561683708273206,0.040333060164852656,0.03977561929759915,0.03986072462315637,0.04059469129632493,0.042019476069888095,0.04421694480959644,0.047317342092555954,0.051513229392007094,0.05708102832417421,0.06441355239308151,0.07406871855697957,0.08684217611445383,0.10387486486834574,0.126809744038057,0.15801197660307914,0.20085418883808046,0.26001853161246286,0.34162747491660095,0.4527064508025635,0.5990043579167165,0.7800355530986963,0.9818556686782903,1.1726611107202274,1.3092044128000941,1.3544232398970235,1.2947746561444382,1.1466134928059188,0.9488633178350674,0.7449686906101348,0.5654825117389625,0.42264634902835985,0.3156072778627013,0.23785906129528203,0.1820623681656679,0.14202851595068766,0.1131193646767703,0.09204263920551434,0.07651656369071427,0.06497228845877417,0.05633093201013243,0.049847926983351644,0.04500784805677439,0.04145448760098716,0.03894489438997524,0.03731971056258493,0.03648489726559741,0.03640196073718044,0.03708538496902259,0.03860754767333435,0.04111362241960374,0.04485349062380212,0.05024958175771594,0.05805769372214818,0.06982631973266697,0.08958624343894706,0.1323428890365741,0.2680762000959408,0.35728888522659863,0.311392283278146,0.3407555128726839,0.45471430074047786,0.7025351782426401,0.004456641881558219,0.019618599856500264,0.6269962871201785,0.42393032738961256,0.8327344199090732,1.320066786323949,0.6280308000102469,0.5284416170107953,0.5495185498941558,0.5035490016083931,0.4957375996087793,0.8042311144978025,0.9592915069896321,0.85259222961918,0.7743490589258165,0.821126562879562,0.8110595986760738,0.7147194672723972,0.6959928039318821,0.7169884171748296,0.7107391122535953,0.5676403957488653,0.1357390684997576,0.023881031380751497
75,0.21894251907257098,0.29646818331371405,0.40035067114114914,0.529689678843516,0.6714799282931179,0.7998637786968296,0.8898822829463788,0.93540514013118,0.9498984275559118,0.9529500514573276,0.9601111472240519,0.9808438479542101,1.0198974231701334,1.078256751438948,1.1522490729018804,1.2307639256035523,1.2924936064569184,1.3087074879543794,1.2571955469138998,1.1399712547692076,0.9841210606123906,0.8228659861064175,0.6785183382099693,0.5595989069265742,0.46590257654296163,0.39367496992821216,0.33852758782185116,0.2966025331238378,0.26485984731805984,0.24102652245123315,0.22345411188782865,0.2109781524252326,0.20280687989831792,0.19844270746152073,0.1976331594811258,0.2003476918061314,0.20677894542828784,0.21737019923043652,0.23287508584237906,0.25446164133127375,0.283881522927464,0.3237378003454051,0.37790029054627633,0.45212577594189773,0.5548949988624009,0.6982075206763132,0.8970426325974519,1.1631774524906529,1.4839082749861636,1.7831409640163436,1.9211110667538518,1.818670713311092,1.5563781334387057,1.2663971767359044,1.0201819391749156,0.8321449329057679,0.6940926635170852,0.59394219914337,0.5215452113940806,0.46952784202379855,0.432814666322926,0.4080087468494617,0.39290592018923,0.38616593409241384,0.3871086715127367,0.3956034543952494,0.4120302157309559,0.43730227919012116,0.4729497136874104,0.5212697290415031,0.5855556286761413,0.6704148368974475,0.7821689578776425,0.9292690526968517,1.122503055898339,1.3744287888450784,1.6968693676040847,2.094742311614923,2.5554112060432703,3.0380347968552597,3.476321023156864,3.8060050455094343,4.001314462636997,4.085160712614299,4.105807879255085,4.106423342355415,4.106559102871847,4.0937488843822845,4.020499787707403,3.8152310261781164,3.424643765985983,2.87197759446197,2.2604314565770673,1.7011717197926663,1.2520378975687745,0.9178384297906851,0.6782398425477779,0.508567086571091,0.3881659476804911,0.30189571616132094,0.2392506713752432,0.19308753481142435,0.15856416924417333,0.1323792710808903,0.11225887299865958,0.09661725025935503,0.08433417651852347,0.07460809504042545,0.06685855139721625,0.060660695521294716,0.05570083100428849,0.051745931668873396,0.048622550963132345,0.046202147396872444,0.0443908772694978,0.043122577156829656,0.042354106867913216,0.04206253416542207,0.04224387173310181,0.04291326461833969,0.04410670533874247,0.04588455722174906,0.04833743728186823,0.05159541513067058,0.055842142663418616,0.06133666847410593,0.06844778034271927,0.07770979286063331,0.08991720811558114,0.10629494099961224,0.12882868674554532,0.16097304593500775,0.2093784284352438,0.288881974753869,0.44072182806956733,0.82639433564414,2.506192033017594,5.376595694036285,0.22185558197968336,0.08915563139584563,0.12286870553589938,0.004144098590317803,1.8332319811126554,1.736767080764436,1.5486386140127189,1.0727015919330871,0.7402485509830078,0.8424122829493297,0.2511587868534446,0.008235219537376135,0.08276543148232623,0.5276410525432889,0.6275058184078393,0.41949029003577143,0.337193962787497,0.30925567719459485,0.25427160631344803,0.1808520222307623,0.1278367206891859,0.06649764700262648,0.0036125250629736277,0.0632654632734377,0.3087702786486952,0.8125762824778902,1.8401145900133595,1.8555649431301091,1.0768062661132967
80,0.014568562274223039,0.016189473969040205,0.01813725771001121,0.020490854955140702,0.023353311699225433,0.026860431163049207,0.031193048268626844,0.036594637992000446,0.043396855790845616,0.052056966820060606,0.06321317172330354,0.07776681449910787,0.097004388248958,0.12277617062300249,0.15774783763583203,0.20572190486363404,0.27194560280588115,0.3630805227570129,0.4859406419206208,0.64325312328193,0.8250821836701288,1.0006123992630473,1.1257810721942985,1.1726975663962425,1.1498130223959007,1.0879568895233576,1.0160776004489869,0.9514543520464277,0.9016922943196128,0.8692041122651671,0.8543813137191133,0.8572706976525729,0.8783648479280418,0.9189732391367115,0.9814026666302534,1.0689907816405178,1.1858539620368271,1.3359387893867087,1.5205389667103362,1.7330556531170225,1.9506423897461105,2.1273693605366333,2.2027239499472766,2.1357967422907445,1.9399162142824558,1.6738699518404896,1.3997248104689994,1.1550725303753278,0.9528672983387552,0.7920273715491654,0.6661669985809945,0.5680976271269573,0.4915321808886016,0.431474554218795,0.38411833678559554,0.34661593978413463,0.31685133701723445,0.2932544840968652,0.27466066171431314,0.26020756425932406,0.24926143924546157,0.24136484671817582,0.2362004157485136,0.23356661783140192,0.23336290670286128,0.23558263142010274,0.24031300854109175,0.2477422457819268,0.2581747563987761,0.27205642072381764,0.290013204380675,0.31290835610150564,0.341926185143412,0.37869442957022803,0.42546276636791747,0.4853617154719956,0.5627710644083839,0.663818349912662,0.7969681368282442,0.9734416882690996,1.2065412734194423,1.5073004353736916,1.8711260438132686,2.251039429639681,2.535760264976189,2.5948286610846747,2.398311877155153,2.0498822929593215,1.6782214890338591,1.3547839165917777,1.0977845447335892,0.9009372889326965,0.7516726220710612,0.6382041596366125,0.5512699023672044,0.4840403722658027,0.43159193075863006,0.3903916151662557,0.357896306553256,0.3322643922459002,0.3121545840895295,0.2965870674324097,0.28484795074435315,0.27642362420903294,0.27095595279669327,0.2682122857931697,0.26806637964338215,0.27048780906120834,0.2755385189177003,0.28337602241766696,0.29426351726126054,0.3085879932322116,0.3268883720823498,0.34989701751128216,0.3785998112393956,0.4143227595720778,0.4588573123123559,0.5146430742855151,0.5850366182455768,0.6747104029787365,0.7902482977466504,0.9410343718122575,1.1405621051994104,1.4082864398633963,1.7719767477452417,2.2698331311596913,2.94946734876823,3.855632964530899,4.991096319991796,6.242638127314908,7.332496677745901,7.94368101822862,7.990383718302008,7.691914138273457,7.405417866562542,7.659163596550544,10.993372056657897,7.1697645990842656,0.21763572394148178,0.8295025325898968,0.5587822881349109,1.678238416963998,1.7754622191212857,1.2208436757969954,0.8499327212693382,0.44990992554810294,0.5203840281483104,0.026184289153624824,1.4909902663938701,1.5861642082342593,0.9647766958591548,0.8558907626613169,0.9520324896631533,1.217594217222325,1.5756785679256362,1.380717637669239,0.6413601909345344,0.2191546530909947,0.035435906394058,0.01658032368263068,0.25060703281745766,0.8629817469878364,1.292972689491784,1.3111800266044527,1.262617015761284,1.2532759829293676,1.2903936283447852
85,0.0033597290592777018,0.0033989382282465577,0.0034481096449616075,0.0035073659067668063,0.003576934993598006,0.00365714988957712,0.0037484503523939343,0.003851386788849082,0.003966626263920155,0.004094960737954453,0.004237317695163384,0.004394773399722201,0.0045685690968080735,0.004760130568306105,0.004971091561024919,0.005203321734200287,0.0054589599288118,0.005740453752001957,0.006050606705334862,0.0063926343786784145,0.006770231598830115,0.007187652885224342,0.00764980915274215,0.00816238435164131,0.00873197669728619,0.009366270385144045,0.010074245300885425,0.010866434344847986,0.011755240764888106,0.012755331564485136,0.013884127948706072,0.015162420342476746,0.01661514440087813,0.018272366536586964,0.020170544108660027,0.022354148414506083,0.024877770708399288,0.027808876585183235,0.031231438020903054,0.03525076371766137,0.03999997982064673,0.04564880326341749,0.05241552634164497,0.06058353298638468,0.07052424891456303,0.08272925784725513,0.0978554618925983,0.11678863410698656,0.14073227308696423,0.17132934517466358,0.21082123397266397,0.2622325822204143,0.3295215450269797,0.4175053914578289,0.531082070763657,0.672787707737622,0.8375092312011921,1.0051330139940302,1.1385500032593563,1.1990296529321436,1.1734706068999794,1.0828729800046344,0.962407152597924,0.8398878427564409,0.7297058320329803,0.6364661369155913,0.5598328676307427,0.49763034838269476,0.4473354756154903,0.4066587196992896,0.37370550221266013,0.34697151976521984,0.3252849757020808,0.30774084018403225,0.2936427193231868,0.2824560376430555,0.2737719424937772,0.26728011238262694,0.2627485742542789,0.2600089262096946,0.25894572241378455,0.2594891042553081,0.2616100321688694,0.2653176901264195,0.27065881263182,0.27771883677796605,0.28662492394059724,0.29755104138516586,0.31072545900262327,0.3264412190883453,0.3450704016240585,0.36708336702348754,0.39307466004331293,0.4237979712299893,0.4602135762680276,0.5035531548263488,0.5554090362906101,0.6178580101067572,0.693634207823001,0.7863714810995068,0.9009429406710094,1.0439318753366718,1.2242667104767941,1.454020438126367,1.7492498433571608,2.1303741470141166,2.620616209055828,3.2388948022411586,3.9803808992785887,4.778863647600984,5.468057380830875,5.812829103653374,5.665669693237881,5.103549526003881,4.349995228301111,3.60046351624884,2.951521164029694,2.4255859217250317,2.011202490156514,1.687413898596635,1.433931317989832,1.234123217765756,1.0752109274805244,0.9476289851444121,0.8442777713802537,0.7598888892562845,0.6905409350817326,0.6333078540183383,0.5860123963060073,0.5470628951349532,0.51536372061306,0.49031069301023555,0.4719303323041175,0.46136612624798734,0.4624814513654429,0.48841839675070836,0.6060798665748003,2.9512210490335713,0.08787304762849052,0.859937521415643,0.10718017656196495,0.05967250402262043,0.07033126722372893,0.053619448924773404,0.004372039360536,0.09071059179385359,0.39796508122934704,0.6804298781465353,0.9543563320701381,0.7847297796158906,0.6329329734313494,0.5835083101671878,0.5665038325553942,0.5554757449455919,0.5212549632376812,0.4700177111890214,0.41800814736123104,0.36878486509608804,0.3257426411699602,0.2887803320184124,0.28396301347141856,0.3014038877246038,0.32718609220359807,0.3578079964207118,0.3903383000460431,0.4220236771323765,0.4455770439291733
90,0.0018918107337333344,0.0018667843722350685,0.0018454756545026492,0.0018275768291134108,0.001812823008154549,0.0018009861656255897,0.0017918701209824848,0.0017853063359253858,0.001781150385476623,0.0017792789904803447,0.0017795875195626624,0.0017819878853247342,0.0017864067730894316,0.0017927841514336002,0.001801072022676684,0.001811233378765218,0.0018232413339439929,0.001837078410569962,0.001852735958486047,0.0018702136918034775,0.001889519329816452,0.0019106683312054408,0.0019336837127758124,0.0019585959457985693,0.0019854429245742262,0.0020142700032723436,0.0020451300983263653,0.0020780838548537803,0.0021131998765929936,0.0021505550199109507,0.002190234753381839,0.002232333585413043,0.0022769555634109193,0.0023242148489114036,0.002374236374269542,0.0024271565875179247,0.002483124293370552,0.0025423015995768264,0.0026048649794720145,0.0026710064631638303,0.0027409349718264414,0.002814877811673806,0.0028930823468012587,0.0029758178729107584,0.0030633777173453584,0.0031560815947055364,0.0032542782519006186,0.0033583484417285658,0.0034687082702675454,0.0035858129706985865,0.00371016116460632,0.0038422996820027706,0.00398282902317948,0.004132409559985843,0.004291768589863506,0.0044617083783466994,0.004643115347203546,0.004836970596189866,0.005044361980533892,0.00526649800847121,0.00550472387415649,0.00576054000343412,0.006035623565536623,0.006331853496599879,0.00665133969468272,0.006996457186466008,0.007369886239571882,0.007774659610282825,0.008214218385802602,0.008692478216708417,0.009213908158899085,0.009783624877810928,0.0104075056436581,0.011092324404287066,0.01184591631750875,0.012677377523046604,0.013597308730901665,0.01461811350806612,0.015754365116915352,0.01702325958111584,0.018445177570975066,0.02004438399407194,0.021849902177143627,0.02389660955135336,0.02622661403107014,0.028890984699371652,0.03195192607428363,0.03548549943970519,0.03958500108624752,0.04436509191829643,0.049966707128963714,0.05656260171181096,0.06436299845771076,0.07361999872270207,0.08462784325934003,0.09771322464863162,0.1132049837905887,0.131365422276372,0.15225817201902814,0.1755288860227986,0.2001069580501273,0.2239312128239988,0.24395613166516827,0.25676188646882286,0.2597850733228452,0.25251730628910485,0.23674005069167078,0.21560332914888544,0.1923239024288658,0.16933374457687247,0.1480760794313317,0.12919215749010377,0.11280901465164307,0.09877916352318805,0.08683743768076606,0.07668924527628075,0.06805405036013,0.06068322779271352,0.05436461877686972,0.04892086126094312,0.0442052505105861,0.040096987384528375,0.03649665369657408,0.03332223540936269,0.030505764774276734,0.02799054206158087,0.025728856308481703,0.02368011632792964,0.021809310466568747,0.02008572970986387,0.01848191658676377,0.016972861071454137,0.01553562015929617,0.014150023066022666,0.012802874901277466,0.01150558257305901,0.010375084788438243,0.009901598659211348,0.04557695376756846,0.031886175241187725,0.017310826833531103,0.04541911839739359,0.03471924824878599,2.1349746351319426E-4,0.011283654529882024,0.021531572008942207,0.01874910314244238,0.018130802365177622,0.020629449151589603,0.022222825285831076,0.020972367585027414,0.018637300163383136,0.01670198918212323,0.015849216361905515,0.015679233470834688,0.01505832359226895,0.014003926409818363,0.012904860653507311,0.011463611784312993,0.008091372922520055,0.0020012676395475457,0.021009865603982367,0.023870914472252536,0.021381113474528892,0.01920618283520475,0.017743267309807482,0.01705278772849013
