% Model,spaceplate_double_3d_PA.mph
% Version,COMSOL 6.2.0.415
% Date,"Aug 14 2025, 08:46"
% Table,Table 5 - Surface Average 2
% freq (Hz),abs(acpr2.p_t)^2 (kg^2/(m^2*s^4))
5000,0.1446468487866515
5050,0.13779187918184543
5100,0.13140466817759386
5150,0.12545007037834421
5200,0.11989566659868713
5250,0.11471158965527031
5300,0.10987035111357539
5350,0.10534667209060225
5400,0.10111732027467395
5450,0.09716095459775519
5500,0.0934579784411663
5550,0.08999040183759147
5600,0.08674171282232654
5650,0.08369675786133937
5700,0.08084163112377936
5750,0.07816357225759313
5800,0.07565087225638195
5850,0.07329278696427428
5900,0.07107945774611794
5950,0.06900183884655295
6000,0.06705163096949213
6050,0.06522122062520566
6100,0.06350362481355212
6150,0.06189244063641442
6200,0.06038179945898798
6250,0.05896632526684333
6300,0.05764109689325619
6350,0.05640161381819998
6400,0.0552437652667044
6450,0.05416380235937609
6500,0.053158313092182684
6550,0.05222419994539498
6600,0.05135865994380312
6650,0.05055916701109479
6700,0.0498234564815978
6750,0.04914951165205712
6800,0.048535552275129505
6850,0.04798002491507353
6900,0.047481595104675665
6950,0.047039141261759024
7000,0.046651750342546594
7050,0.04631871522985857
7100,0.046039533875358765
7150,0.04581391023816532
7200,0.04564175708732623
7250,0.0455232007634598
7300,0.04545858802594529
7350,0.04544849514736805
7400,0.04549373945724495
7450,0.04559539358363935
7500,0.045754802695522685
7550,0.04597360511249141
7600,0.04625375672359751
7650,0.046597559746447983
7700,0.047007696464737576
7750,0.0474872687107071
7800,0.04803984401436708
7850,0.048669509529494635
7900,0.04938093507627622
7950,0.05017944692174059
8000,0.0510711142653745
8050,0.05206285082537782
8100,0.05316253445250841
8150,0.05437914836146977
8200,0.055722948400964485
8250,0.057205661830066104
8300,0.05884072439295209
8350,0.0606435641684006
8400,0.06263194282344134
8450,0.06482636766622434
8500,0.06725059146570903
8550,0.06993222164338779
8600,0.0729034664954858
8650,0.07620205404609803
8700,0.07987236960479578
8750,0.0839668719812426
8800,0.08854786678305
8850,0.09368973990714811
8900,0.09948178740962965
8950,0.10603182231217928
9000,0.11347079836969118
9050,0.12195877013119284
9100,0.13169261324536008
9150,0.14291606404668086
9200,0.1559328048553045
9250,0.1711235121455314
9300,0.18896796121996098
9350,0.2100733367514023
9400,0.23520956852310657
9450,0.2653511787397691
9500,0.3017214174124827
9550,0.3458254500970309
9600,0.3994392037085245
9650,0.4644788168762037
9700,0.5425989486008039
9750,0.634257001153429
9800,0.7369178932127711
9850,0.842386749436355
9900,0.9345831618180749
9950,0.9913621882824962
10000,0.9937761405553741
10050,0.9384211838687265
10100,0.8405364575917513
10150,0.7238841324076292
10200,0.6084184218297556
10250,0.5053097307762854
10300,0.4183645343349662
10350,0.3472172325550167
10400,0.2897835641431538
10450,0.2435981717035071
10500,0.2063904638962792
10550,0.17626500884338248
10600,0.15171009453573164
10650,0.13154552267322325
10700,0.11485786449561235
10750,0.10094129113287066
10800,0.08924904840540583
10850,0.07935556917998535
10900,0.0709275827190891
10950,0.0637023176507431
11000,0.05747111350129258
11050,0.052067088761772004
11100,0.04735583036783313
11150,0.04322833001023153
11200,0.03959559404843092
11250,0.03638450462066556
11300,0.03353462074328113
11350,0.030995689585209298
11400,0.0287256975451958
11450,0.02668933420693526
11500,0.024856774093785852
11550,0.023202704583448176
11600,0.02170554567745009
11650,0.020346820209734027
11700,0.01911064271708605
11750,0.017983302443361323
11800,0.016952921433938957
11850,0.016009172850217135
11900,0.015143047828058398
11950,0.014346661662612524
12000,0.013613092004628242
12050,0.012936243233999695
12100,0.012310732334399593
12150,0.01173179250339604
12200,0.011195191451874333
12250,0.010697161917669777
12300,0.010234342373886055
12350,0.009803726277230565
12400,0.009402618495366834
12450,0.009028597789530532
12500,0.008679484421139198
12550,0.008353312107890018
12600,0.00804830368304839
12650,0.007762849916802206
12700,0.0074954910451890035
12750,0.007244900623709604
12800,0.0070098713820867745
12850,0.006789302806025508
12900,0.006582190213028503
12950,0.006387615123819475
13000,0.006204736759871085
13050,0.006032784521912826
13100,0.005871051324860265
13150,0.005718887682025143
13200,0.00557569644622095
13250,0.005440928127963
13300,0.00531407672164989
13350,0.005194675979781366
13400,0.005082296083096344
13450,0.004976540661245932
13500,0.004877044124406772
13550,0.0047834692712266915
13600,0.004695505142813282
13650,0.004612865096214477
13700,0.004535285074087919
13750,0.004462522050089713
13800,0.004394352631988562
13850,0.0043305718066715335
13900,0.004270991813173521
13950,0.004215441131448375
14000,0.0041637635762452165
14050,0.0041158174866873206
14100,0.0040714750034253405
14150,0.004030621426313296
14200,0.0039931546465688875
14250,0.0039589846482966555
14300,0.003928033075117595
14350,0.0039002328584452255
14400,0.00387552790472122
14450,0.0038538728396398138
14500,0.0038352328081074105
14550,0.00381958332937063
14600,0.003806910207436234
14650,0.0037972094975976672
14700,0.0037904875305915355
14750,0.003786760996637665
14800,0.0037860570923910096
14850,0.003788413734648804
14900,0.003793879845549798
14950,0.003802515714968604
15000,0.003814393446892572
15050,0.003829597497766095
15100,0.0038482253161625586
15150,0.003870388094693308
15200,0.0038962116468578677
15250,0.00392583742361163
15300,0.003959423686834439
15350,0.003997146859702356
15400,0.004039203077274901
15450,0.004085809964514639
15500,0.004137208673565787
15550,0.004193666217614803
15600,0.004255478145184759
15650,0.004322971606535254
15700,0.0043965088732189584
15750,0.0044764913831377455
15800,0.004563364397085337
15850,0.0046576223693153345
15900,0.004759815154811821
15950,0.004870555200558755
16000,0.004990525898806112
16050,0.005120491314197282
16100,0.005261307552752466
16150,0.005413936081412021
16200,0.005579459395057248
16250,0.005759099508087248
16300,0.005954239864627979
16350,0.0061664514054497865
16400,0.006397523714206963
16450,0.006649502402917999
16500,0.006924734203569276
16550,0.007225921632711133
16600,0.007556189620685648
16650,0.007919167190963165
16700,0.00831908819971281
16750,0.008760916388450259
16800,0.009250501687822868
16850,0.009794777017603291
16900,0.010402008018267721
16950,0.011082112608841701
17000,0.011847073570656822
17050,0.012711476380741183
17100,0.013693217604931836
17150,0.014814448406561728
17200,0.01610284646196997
17250,0.01759335318265762
17300,0.019330580498192765
17350,0.021372197483197224
17400,0.023793777504475987
17450,0.02669586660070125
17500,0.030214505401075963
17550,0.03453725242218576
17600,0.039928208105603505
17650,0.04676820413368215
17700,0.05562138167741466
17750,0.06734932457256554
17800,0.08331413161507221
17850,0.10575412252243963
17900,0.13850527507094584
17950,0.18842067896976325
18000,0.2680961284062577
18050,0.4000064978865416
18100,0.6140156210038897
18150,0.8872238271627222
18200,0.9939120799365688
18250,0.7837533502184217
18300,0.5138157494890173
18350,0.3304388738516239
18400,0.22100784560072323
18450,0.15504814607164755
18500,0.11352886142549848
18550,0.086150203836838
18600,0.06732394541800112
18650,0.053904200446637095
18700,0.04404150895715083
18750,0.03660231638046411
18800,0.0308651539020984
18850,0.02635521569295564
18900,0.022750680750989315
18950,0.019827678673771266
19000,0.017426858088700606
19050,0.015432455168395108
19100,0.013758827101756783
19150,0.012341573342594878
19200,0.011131550763077801
19250,0.010090757904423167
19300,0.009189452665033536
19350,0.00840410006230979
19400,0.0077158887176278605
19450,0.007109643458380665
19500,0.006573018018125197
19550,0.00609588857660233
19600,0.0056698931766280625
19650,0.00528807836980526
19700,0.004944625562238352
19750,0.004634637214767123
19800,0.004353968429954764
19850,0.0040990932674905434
19900,0.0038669978586453125
19950,0.003655094357375181
20000,0.0034611512721078475
20050,0.00328323660061341
20100,0.0031196713005134536
20150,0.0029689909038640287
20200,0.002829913729395132
20250,0.0027013144241314667
20300,0.0025822018394737584
20350,0.002471700450732483
20400,0.0023690346876831443
20450,0.002273515667804826
20500,0.0021845299215675377
20550,0.0021015297763321158
20600,0.0020240251269617697
20650,0.0019515763704015304
20700,0.0018837883208786047
20750,0.0018203049543247575
20800,0.0017608048563911155
20850,0.0017049972694670949
20900,0.0016526186512889163
20950,0.001603429671825678
21000,0.0015572125867418355
21050,0.0015137689353372991
21100,0.0014729175188370617
21150,0.0014344926215330797
21200,0.0013983424428294505
21250,0.0013643277128906825
21300,0.0013323204684963692
21350,0.001302202969020312
21400,0.0012738667373181848
21450,0.001247211697984491
21500,0.001222145431797004
21550,0.001198582492616434
21600,0.0011764438091370704
21650,0.0011556561501303963
21700,0.0011361516479896031
21750,0.0011178673741759476
21800,0.001100744960951059
21850,0.0010847302645015015
21900,0.0010697730651594642
21950,0.0010558268009503693
22000,0.001042848331157659
22050,0.0010307977269901666
22100,0.0010196380867841307
22150,0.0010093353734744377
22200,9.99858272330863E-4
22250,9.911780671899024E-4
22300,9.832685336125784E-4
22350,9.761058475807944E-4
22400,9.696685085062715E-4
22450,9.639372754688887E-4
22500,9.58895115736281E-4
22550,9.545271647368039E-4
22600,9.508206967753368E-4
22650,9.47765105891887E-4
22700,9.453518963712757E-4
22750,9.435746825208029E-4
22800,9.424291974431616E-4
22850,9.419133106437412E-4
22900,9.420270544309362E-4
22950,9.427726591902968E-4
23000,9.441545977478026E-4
23050,9.461796391757945E-4
23100,9.488569125486109E-4
23150,9.521979813185881E-4
23200,9.562169291583269E-4
23250,9.609304583124047E-4
23300,9.663580021344344E-4
23350,9.725218507394739E-4
23400,9.794472979124775E-4
23450,9.871628027574577E-4
23500,9.957001748521518E-4
23550,0.0010050947830457142
23600,0.0010153857914460389
23650,0.0010266164261786192
23700,0.0010388342770343464
23750,0.001052091638742213
23800,0.001066445897315693
23850,0.0010819599677642198
23900,0.0010987027904337482
23950,0.0011167498944008518
24000,0.0011361840377051072
24050,0.0011570959358218674
24100,0.0011795850917040846
24150,0.001203760742320971
24200,0.001229742944262212
24250,0.0012576638096756132
24300,0.001287668932080569
24350,0.0013199190222342942
24400,0.0013545917945706018
24450,0.0013918841470979856
24500,0.001432014687065443
24550,0.001475226665554904
24600,0.001521791397214602
24650,0.0015720122582602177
24700,0.001626229375896127
24750,0.0016848251483185933
24800,0.0017482307666379874
24850,0.0018169339509379657
24900,0.001891488164655493
24950,0.001972523637970529
25000,0.002060760616524574
25050,0.0021570253627951866
25100,0.00226226958234109
25150,0.0023775941376548977
25200,0.0025042781648343293
25250,0.002643815045604627
25300,0.0027979571418736775
25350,0.0029687718184231416
25400,0.003158712128871944
25450,0.0033707067191840637
25500,0.0036082751578836118
25550,0.0038756772522597236
25600,0.00417810829043925
25650,0.00452195708041145
25700,0.004915150960105134
25750,0.0053676229433286754
25800,0.005891952992426311
25850,0.006504261656323969
25900,0.007225476120107863
25950,0.008083156845715407
26000,0.009114186841843609
26050,0.01036882122300048
26100,0.011916941365067596
26150,0.013857993862621692
26200,0.016337307366513447
26250,0.019573898260854317
26300,0.023909945587406424
26350,0.02990337873352094
26400,0.03851177813005779
26450,0.0514844691049178
26500,0.07227228002133597
26550,0.10835858500420739
26600,0.17789478127374736
26650,0.32946159097764993
26700,0.6712097646987165
26750,0.9969703907145903
26800,0.6284291740099847
26850,0.3058723169258715
26900,0.16528118163803043
26950,0.1005495782728647
27000,0.06682820360714595
27050,0.0473647542502917
27100,0.035214323759147924
27150,0.02715827804006245
27200,0.02155885914451373
27250,0.01751720595354764
27300,0.014508700510765356
27350,0.01221126569832344
27400,0.010418653797546104
27450,0.00899400240232114
27500,0.00784368569393121
27550,0.006901949829786252
27600,0.006121545330200645
27650,0.005467828837122956
27700,0.004914942673328449
27750,0.004443277391147911
27800,0.004037748384872672
27850,0.0036866015959121797
27900,0.0033805708521010354
27950,0.003112273475730843
28000,0.002875770200438009
28050,0.0026662403982971963
28100,0.002479739340285946
28150,0.0023130146802848904
28200,0.0021633662208379784
28250,0.0020285376886169403
28300,0.0019066324414854425
28350,0.0017960472497751698
28400,0.0016954198567391537
28450,0.001603587141030576
28500,0.0015195514928808102
28550,0.0014424536222052845
28600,0.001371550416956403
28650,0.0013061968220239432
28700,0.0012458309080919648
28750,0.0011899615149278593
28800,0.0011381579687329874
28850,0.0010900414850364031
28900,0.0010452779479553486
28950,0.0010035718192162046
29000,9.6466097911012E-4
29050,9.283123398714486E-4
29100,8.943181022060175E-4
29150,8.624925497217066E-4
29200,8.326692951278215E-4
29250,8.046989074488366E-4
29300,7.784468618100426E-4
29350,7.537917633526368E-4
29400,7.306238049335935E-4
29450,7.088434248647273E-4
29500,6.883601363527308E-4
29550,6.690915047424396E-4
29600,6.509622523321629E-4
29650,6.339034735655738E-4
29700,6.178519459366248E-4
29750,6.027495240584704E-4
29800,5.885426061256063E-4
29850,5.751816635009244E-4
29900,5.626208254332414E-4
29950,5.50817511999215E-4
30000,5.397321092943497E-4
