% Model,spaceplate_double_2d.mph
% Version,COMSOL 6.2.0.415
% Date,"Jul 15 2025, 10:23"
% Table,Table 8 - Global Evaluation 1
% theta0 (deg),"freq=10000 Hz, abs(p2_scat)^2 (kg^2/s^4)","freq=10200 Hz, abs(p2_scat)^2 (kg^2/s^4)","freq=10400 Hz, abs(p2_scat)^2 (kg^2/s^4)","freq=10600 Hz, abs(p2_scat)^2 (kg^2/s^4)","freq=10800 Hz, abs(p2_scat)^2 (kg^2/s^4)","freq=11000 Hz, abs(p2_scat)^2 (kg^2/s^4)","freq=11200 Hz, abs(p2_scat)^2 (kg^2/s^4)","freq=11400 Hz, abs(p2_scat)^2 (kg^2/s^4)","freq=11600 Hz, abs(p2_scat)^2 (kg^2/s^4)","freq=11800 Hz, abs(p2_scat)^2 (kg^2/s^4)","freq=12000 Hz, abs(p2_scat)^2 (kg^2/s^4)","freq=12200 Hz, abs(p2_scat)^2 (kg^2/s^4)","freq=12400 Hz, abs(p2_scat)^2 (kg^2/s^4)","freq=12600 Hz, abs(p2_scat)^2 (kg^2/s^4)","freq=12800 Hz, abs(p2_scat)^2 (kg^2/s^4)","freq=13000 Hz, abs(p2_scat)^2 (kg^2/s^4)","freq=13200 Hz, abs(p2_scat)^2 (kg^2/s^4)","freq=13400 Hz, abs(p2_scat)^2 (kg^2/s^4)","freq=13600 Hz, abs(p2_scat)^2 (kg^2/s^4)","freq=13800 Hz, abs(p2_scat)^2 (kg^2/s^4)","freq=14000 Hz, abs(p2_scat)^2 (kg^2/s^4)","freq=14200 Hz, abs(p2_scat)^2 (kg^2/s^4)","freq=14400 Hz, abs(p2_scat)^2 (kg^2/s^4)","freq=14600 Hz, abs(p2_scat)^2 (kg^2/s^4)","freq=14800 Hz, abs(p2_scat)^2 (kg^2/s^4)","freq=15000 Hz, abs(p2_scat)^2 (kg^2/s^4)","freq=15200 Hz, abs(p2_scat)^2 (kg^2/s^4)","freq=15400 Hz, abs(p2_scat)^2 (kg^2/s^4)","freq=15600 Hz, abs(p2_scat)^2 (kg^2/s^4)","freq=15800 Hz, abs(p2_scat)^2 (kg^2/s^4)","freq=16000 Hz, abs(p2_scat)^2 (kg^2/s^4)","freq=16200 Hz, abs(p2_scat)^2 (kg^2/s^4)","freq=16400 Hz, abs(p2_scat)^2 (kg^2/s^4)","freq=16600 Hz, abs(p2_scat)^2 (kg^2/s^4)","freq=16800 Hz, abs(p2_scat)^2 (kg^2/s^4)","freq=17000 Hz, abs(p2_scat)^2 (kg^2/s^4)","freq=17200 Hz, abs(p2_scat)^2 (kg^2/s^4)","freq=17400 Hz, abs(p2_scat)^2 (kg^2/s^4)","freq=17600 Hz, abs(p2_scat)^2 (kg^2/s^4)","freq=17800 Hz, abs(p2_scat)^2 (kg^2/s^4)","freq=18000 Hz, abs(p2_scat)^2 (kg^2/s^4)","freq=18200 Hz, abs(p2_scat)^2 (kg^2/s^4)","freq=18400 Hz, abs(p2_scat)^2 (kg^2/s^4)","freq=18600 Hz, abs(p2_scat)^2 (kg^2/s^4)","freq=18800 Hz, abs(p2_scat)^2 (kg^2/s^4)","freq=19000 Hz, abs(p2_scat)^2 (kg^2/s^4)","freq=19200 Hz, abs(p2_scat)^2 (kg^2/s^4)","freq=19400 Hz, abs(p2_scat)^2 (kg^2/s^4)","freq=19600 Hz, abs(p2_scat)^2 (kg^2/s^4)","freq=19800 Hz, abs(p2_scat)^2 (kg^2/s^4)","freq=20000 Hz, abs(p2_scat)^2 (kg^2/s^4)","freq=20200 Hz, abs(p2_scat)^2 (kg^2/s^4)","freq=20400 Hz, abs(p2_scat)^2 (kg^2/s^4)","freq=20600 Hz, abs(p2_scat)^2 (kg^2/s^4)","freq=20800 Hz, abs(p2_scat)^2 (kg^2/s^4)","freq=21000 Hz, abs(p2_scat)^2 (kg^2/s^4)","freq=21200 Hz, abs(p2_scat)^2 (kg^2/s^4)","freq=21400 Hz, abs(p2_scat)^2 (kg^2/s^4)","freq=21600 Hz, abs(p2_scat)^2 (kg^2/s^4)","freq=21800 Hz, abs(p2_scat)^2 (kg^2/s^4)","freq=22000 Hz, abs(p2_scat)^2 (kg^2/s^4)","freq=22200 Hz, abs(p2_scat)^2 (kg^2/s^4)","freq=22400 Hz, abs(p2_scat)^2 (kg^2/s^4)","freq=22600 Hz, abs(p2_scat)^2 (kg^2/s^4)","freq=22800 Hz, abs(p2_scat)^2 (kg^2/s^4)","freq=23000 Hz, abs(p2_scat)^2 (kg^2/s^4)","freq=23200 Hz, abs(p2_scat)^2 (kg^2/s^4)","freq=23400 Hz, abs(p2_scat)^2 (kg^2/s^4)","freq=23600 Hz, abs(p2_scat)^2 (kg^2/s^4)","freq=23800 Hz, abs(p2_scat)^2 (kg^2/s^4)","freq=24000 Hz, abs(p2_scat)^2 (kg^2/s^4)","freq=24200 Hz, abs(p2_scat)^2 (kg^2/s^4)","freq=24400 Hz, abs(p2_scat)^2 (kg^2/s^4)","freq=24600 Hz, abs(p2_scat)^2 (kg^2/s^4)","freq=24800 Hz, abs(p2_scat)^2 (kg^2/s^4)","freq=25000 Hz, abs(p2_scat)^2 (kg^2/s^4)","freq=25200 Hz, abs(p2_scat)^2 (kg^2/s^4)","freq=25400 Hz, abs(p2_scat)^2 (kg^2/s^4)","freq=25600 Hz, abs(p2_scat)^2 (kg^2/s^4)","freq=25800 Hz, abs(p2_scat)^2 (kg^2/s^4)","freq=26000 Hz, abs(p2_scat)^2 (kg^2/s^4)","freq=26200 Hz, abs(p2_scat)^2 (kg^2/s^4)","freq=26400 Hz, abs(p2_scat)^2 (kg^2/s^4)","freq=26600 Hz, abs(p2_scat)^2 (kg^2/s^4)","freq=26800 Hz, abs(p2_scat)^2 (kg^2/s^4)","freq=27000 Hz, abs(p2_scat)^2 (kg^2/s^4)","freq=27200 Hz, abs(p2_scat)^2 (kg^2/s^4)","freq=27400 Hz, abs(p2_scat)^2 (kg^2/s^4)","freq=27600 Hz, abs(p2_scat)^2 (kg^2/s^4)","freq=27800 Hz, abs(p2_scat)^2 (kg^2/s^4)","freq=28000 Hz, abs(p2_scat)^2 (kg^2/s^4)","freq=28200 Hz, abs(p2_scat)^2 (kg^2/s^4)","freq=28400 Hz, abs(p2_scat)^2 (kg^2/s^4)","freq=28600 Hz, abs(p2_scat)^2 (kg^2/s^4)","freq=28800 Hz, abs(p2_scat)^2 (kg^2/s^4)","freq=29000 Hz, abs(p2_scat)^2 (kg^2/s^4)","freq=29200 Hz, abs(p2_scat)^2 (kg^2/s^4)","freq=29400 Hz, abs(p2_scat)^2 (kg^2/s^4)","freq=29600 Hz, abs(p2_scat)^2 (kg^2/s^4)","freq=29800 Hz, abs(p2_scat)^2 (kg^2/s^4)","freq=30000 Hz, abs(p2_scat)^2 (kg^2/s^4)","freq=30200 Hz, abs(p2_scat)^2 (kg^2/s^4)","freq=30400 Hz, abs(p2_scat)^2 (kg^2/s^4)","freq=30600 Hz, abs(p2_scat)^2 (kg^2/s^4)","freq=30800 Hz, abs(p2_scat)^2 (kg^2/s^4)","freq=31000 Hz, abs(p2_scat)^2 (kg^2/s^4)","freq=31200 Hz, abs(p2_scat)^2 (kg^2/s^4)","freq=31400 Hz, abs(p2_scat)^2 (kg^2/s^4)","freq=31600 Hz, abs(p2_scat)^2 (kg^2/s^4)","freq=31800 Hz, abs(p2_scat)^2 (kg^2/s^4)","freq=32000 Hz, abs(p2_scat)^2 (kg^2/s^4)","freq=32200 Hz, abs(p2_scat)^2 (kg^2/s^4)","freq=32400 Hz, abs(p2_scat)^2 (kg^2/s^4)","freq=32600 Hz, abs(p2_scat)^2 (kg^2/s^4)","freq=32800 Hz, abs(p2_scat)^2 (kg^2/s^4)","freq=33000 Hz, abs(p2_scat)^2 (kg^2/s^4)","freq=33200 Hz, abs(p2_scat)^2 (kg^2/s^4)","freq=33400 Hz, abs(p2_scat)^2 (kg^2/s^4)","freq=33600 Hz, abs(p2_scat)^2 (kg^2/s^4)","freq=33800 Hz, abs(p2_scat)^2 (kg^2/s^4)","freq=34000 Hz, abs(p2_scat)^2 (kg^2/s^4)","freq=34200 Hz, abs(p2_scat)^2 (kg^2/s^4)","freq=34400 Hz, abs(p2_scat)^2 (kg^2/s^4)","freq=34600 Hz, abs(p2_scat)^2 (kg^2/s^4)","freq=34800 Hz, abs(p2_scat)^2 (kg^2/s^4)","freq=35000 Hz, abs(p2_scat)^2 (kg^2/s^4)","freq=35200 Hz, abs(p2_scat)^2 (kg^2/s^4)","freq=35400 Hz, abs(p2_scat)^2 (kg^2/s^4)","freq=35600 Hz, abs(p2_scat)^2 (kg^2/s^4)","freq=35800 Hz, abs(p2_scat)^2 (kg^2/s^4)","freq=36000 Hz, abs(p2_scat)^2 (kg^2/s^4)","freq=36200 Hz, abs(p2_scat)^2 (kg^2/s^4)","freq=36400 Hz, abs(p2_scat)^2 (kg^2/s^4)","freq=36600 Hz, abs(p2_scat)^2 (kg^2/s^4)","freq=36800 Hz, abs(p2_scat)^2 (kg^2/s^4)","freq=37000 Hz, abs(p2_scat)^2 (kg^2/s^4)","freq=37200 Hz, abs(p2_scat)^2 (kg^2/s^4)","freq=37400 Hz, abs(p2_scat)^2 (kg^2/s^4)","freq=37600 Hz, abs(p2_scat)^2 (kg^2/s^4)","freq=37800 Hz, abs(p2_scat)^2 (kg^2/s^4)","freq=38000 Hz, abs(p2_scat)^2 (kg^2/s^4)","freq=38200 Hz, abs(p2_scat)^2 (kg^2/s^4)","freq=38400 Hz, abs(p2_scat)^2 (kg^2/s^4)","freq=38600 Hz, abs(p2_scat)^2 (kg^2/s^4)","freq=38800 Hz, abs(p2_scat)^2 (kg^2/s^4)","freq=39000 Hz, abs(p2_scat)^2 (kg^2/s^4)","freq=39200 Hz, abs(p2_scat)^2 (kg^2/s^4)","freq=39400 Hz, abs(p2_scat)^2 (kg^2/s^4)","freq=39600 Hz, abs(p2_scat)^2 (kg^2/s^4)","freq=39800 Hz, abs(p2_scat)^2 (kg^2/s^4)","freq=40000 Hz, abs(p2_scat)^2 (kg^2/s^4)"
0,1.3411565096430432E-5,1.3894263606124677E-5,1.4586974425904071E-5,1.552228514500697E-5,1.674431401800714E-5,1.8310874516744843E-5,2.0295638442002358E-5,2.2789296175395734E-5,2.5897436696880398E-5,2.9730479775547258E-5,3.43772105506534E-5,3.984954101260881E-5,4.598838736667364E-5,5.234494827309023E-5,5.8115052989280154E-5,6.22719418594072E-5,6.397081720541696E-5,6.300380183698186E-5,5.99007241021207E-5,5.558847988402054E-5,5.095016182807126E-5,4.659197198538401E-5,4.28332583721794E-5,3.979450805341941E-5,3.748920524903528E-5,3.588772521602811E-5,3.4954277716575496E-5,3.466621439855568E-5,3.5023613006143E-5,3.605363926985966E-5,3.7810776199367095E-5,4.037005825008247E-5,4.380427984014274E-5,4.8125989017417555E-5,5.3163527177027E-5,5.835053664292959E-5,6.251049594510578E-5,6.396910434245556E-5,6.140422902608659E-5,5.499378577558011E-5,4.644929284608653E-5,3.775752530469916E-5,3.0147079157186564E-5,2.4006986795227552E-5,1.9249449006793058E-5,1.5621970750094616E-5,1.2863013809645615E-5,1.0755010029870565E-5,9.13182585169249E-6,7.871129257597623E-6,6.884051686822429E-6,6.106165564901694E-6,5.490586792128653E-6,5.002984183809366E-6,4.61805658570248E-6,4.317073293406789E-6,4.086166509494744E-6,3.915153202554128E-6,3.7967331938926343E-6,3.7259611294354574E-6,3.69992649988591E-6,3.7176025379766006E-6,3.7798454810366413E-6,3.889543571905411E-6,4.051933189334773E-6,4.275120539704666E-6,4.570874527667047E-6,4.955793188737817E-6,5.45299565844315E-6,6.0945548702148915E-6,6.924954175240452E-6,8.005885272009393E-6,9.422585222639233E-6,1.1291314174809125E-5,1.376573283564037E-5,1.7035307380813492E-5,2.1299430663436157E-5,2.668816077617055E-5,3.3103144639465496E-5,4.0022212927294026E-5,4.646760951899086E-5,5.135007362302825E-5,5.3939732125929055E-5,5.380319823315539E-5,5.01545688217317E-5,4.187538962938873E-5,2.9725157260348492E-5,1.7737432587299105E-5,9.309423609042087E-6,4.543646319752525E-6,2.1237889517093432E-6,9.497070292872306E-7,3.942155326059279E-7,1.4084661462670474E-7,3.521105290741771E-8,2.0405152342068164E-9,4.290724994735828E-9,2.3578281101107482E-8,5.0792341533268725E-8,8.152077464430848E-8,1.1378247827906506E-7,1.4688656958138714E-7,1.8085488127281307E-7,2.1613328748880612E-7,2.5345609470266636E-7,2.9379612996243995E-7,3.3836812511783717E-7,3.8867197387688674E-7,4.4657404089675087E-7,5.144335609782544E-7,5.952902761948121E-7,6.931414876896723E-7,8.133550196280693E-7,9.632945520170252E-7,1.1532848131481875E-6,1.3981337618366366E-6,1.719590723709334E-6,2.1504192840389807E-6,2.741332365907175E-6,3.5731337690954108E-6,4.778528849390692E-6,6.581996464897674E-6,9.372214925663005E-6,1.3823806931230263E-5,2.1038670573706403E-5,3.237281326840408E-5,4.763865036424641E-5,6.093206408330257E-5,6.341148190764971E-5,5.627299970665705E-5,4.7074814183367946E-5,3.972113441080167E-5,3.4790961520511984E-5,3.19232967073675E-5,3.0750762506513065E-5,3.110309058790255E-5,3.303043898524589E-5,3.679747035251061E-5,4.280860268480188E-5,5.117260493173642E-5,6.0163184605175594E-5,6.388416979017191E-5,5.6155317619044015E-5,4.110385771098988E-5,2.7405080354954864E-5,1.8000761368076987E-5,1.2086640693501771E-5,8.390578111524819E-6,6.026236836630169E-6,4.464974384941825E-6,3.4001859299716893E-6
5,1.3420810919615776E-5,1.3915199875772576E-5,1.4635062972202254E-5,1.5610419963355535E-5,1.6880576687558276E-5,1.8496143775209464E-5,2.052133427445219E-5,2.3035816415543787E-5,2.6134217174786832E-5,2.99190196180818E-5,3.447858313151022E-5,3.9837034499535544E-5,4.5862357996372844E-5,5.213979467016617E-5,5.788329874861127E-5,6.2044888855156E-5,6.373159615999118E-5,6.271256393896775E-5,5.954731069139917E-5,5.521067883096347E-5,5.060751721567414E-5,4.6331822307992255E-5,4.26740259760457E-5,3.9725907196795337E-5,3.7480375839177096E-5,3.589675181815639E-5,3.4936395597761335E-5,3.4580150959566764E-5,3.48362844560714E-5,3.574358784581058E-5,3.737070934221106E-5,3.9808734307879085E-5,4.31477083042455E-5,4.741742962021276E-5,5.2461437754898246E-5,5.772476973998323E-5,6.204052128539707E-5,6.374565874924732E-5,6.151310120819815E-5,5.545825797671217E-5,4.718551668253556E-5,3.861350748051189E-5,3.098120733962808E-5,2.473133768194736E-5,1.9829972987313182E-5,1.6061061017502016E-5,1.318208090756821E-5,1.0982352475959128E-5,9.295514606520525E-6,7.995373002697357E-6,6.987708599664351E-6,6.2025073987018806E-6,5.587777764153008E-6,5.104968274197946E-6,4.725656950672088E-6,4.429003849853604E-6,4.198607145040031E-6,4.015986203457197E-6,3.8737345488495014E-6,3.788467206124547E-6,3.7541100649534367E-6,3.7653962632007994E-6,3.8230445829494805E-6,3.930533562370271E-6,4.093549376662032E-6,4.3203744173884154E-6,4.622697266338759E-6,5.016825845019636E-6,5.525427755659135E-6,6.180005769663853E-6,7.024390687527289E-6,8.119570416984229E-6,9.550053017819866E-6,1.1431351358314188E-5,1.3916281947784303E-5,1.719298974897505E-5,2.1457859503626686E-5,2.6833406827607415E-5,3.320499170121703E-5,4.0025109040467584E-5,4.629508592484261E-5,5.0928302260353334E-5,5.320267884150231E-5,5.2629735953365314E-5,4.829750580888572E-5,3.9172639285526375E-5,2.666187458413341E-5,1.5206909642680173E-5,7.659119249601693E-6,3.5897984235548987E-6,1.5978024026577215E-6,6.655391998864465E-7,2.4513760637082005E-7,6.857285640769269E-8,7.863302190827124E-9,1.837906394643247E-9,2.108576653309332E-8,5.147888048897861E-8,8.63657759617767E-8,1.228139826711588E-7,1.5977316972900398E-7,1.9716924510977203E-7,2.354607730435403E-7,2.7543170943751976E-7,3.1811026377744065E-7,3.647607673662296E-7,4.169249687048891E-7,4.765059738951222E-7,5.458995666956304E-7,6.281882221513066E-7,7.274261486308905E-7,8.490630187259178E-7,1.0005855647357272E-6,1.1925102420052301E-6,1.439956020767942E-6,1.7652015835217132E-6,2.201960714838347E-6,2.80274607811418E-6,3.6519474554431363E-6,4.8897477527464626E-6,6.756816069428146E-6,9.677655772712971E-6,1.4404605079691902E-5,2.2184332524262018E-5,3.447950631377188E-5,5.0408463747060185E-5,6.178818697815086E-5,6.006924899108218E-5,5.0302202711249446E-5,4.0609843727373446E-5,3.36059751630816E-5,2.913727273326796E-5,2.6622375776521076E-5,2.5666370421785165E-5,2.6139863312839753E-5,2.819171420104067E-5,3.230368949524659E-5,3.9333764130350274E-5,4.995611864099032E-5,6.089157409960442E-5,5.8618838592088464E-5,3.925541716114361E-5,2.119797170607887E-5,1.0916019637156747E-5,5.631710234076971E-6,2.845767228421514E-6,1.288103421525754E-6,3.55165773831427E-7,9.188250090396545E-6,4.908558886156196E-9,1.1183968274356752E-5
10,1.3442909363428059E-5,1.3938239230491676E-5,1.4708063572408043E-5,1.5781144261904123E-5,1.7188913394769317E-5,1.8965283849503617E-5,2.114747324418257E-5,2.3778656555214548E-5,2.691210555295271E-5,3.061355394962296E-5,3.495350921040196E-5,3.997448330971498E-5,4.5612851529227924E-5,5.156490637755282E-5,5.7144401577304884E-5,6.130071002435123E-5,6.300885177976519E-5,6.190612396550733E-5,5.856783220298703E-5,5.409609491390786E-5,4.94962720123483E-5,4.537434966896811E-5,4.196959321512274E-5,3.9302061717854755E-5,3.7298403480820506E-5,3.586767890866382E-5,3.4940143831514774E-5,3.44848809095633E-5,3.45161903663834E-5,3.5093904652904004E-5,3.6319846638810134E-5,3.832921726128939E-5,4.1268933645798327E-5,4.5242315847390476E-5,5.0183088090406596E-5,5.56264061890277E-5,6.045156573860238E-5,6.294965049104832E-5,6.165981002117123E-5,5.652760035857715E-5,4.899113565033042E-5,4.085236279449742E-5,3.332927049244506E-5,2.692933359850794E-5,2.1720022891902917E-5,1.7581301374945616E-5,1.4341310259184703E-5,1.183118455628803E-5,9.902424137893804E-6,8.430365456017816E-6,7.313094661660592E-6,6.468867679578432E-6,5.833093621009957E-6,5.3554701406544315E-6,4.997692106568695E-6,4.731566909335491E-6,4.533184826606672E-6,4.353143815018219E-6,4.150921655801782E-6,4.017005561780197E-6,3.954179451093856E-6,3.942261446224861E-6,3.9795466636826935E-6,4.071174855114644E-6,4.225027795655112E-6,4.451230278357261E-6,4.762783435494548E-6,5.176769892912976E-6,5.716098334040315E-6,6.411949476507355E-6,7.30719041961803E-6,8.461055252357732E-6,9.955232550845871E-6,1.1900812367043619E-5,1.4443502832788381E-5,1.7759503050900327E-5,2.2024455590825958E-5,2.7325530053682444E-5,3.349471476257017E-5,3.9925724536113216E-5,4.559472574212004E-5,4.944299318785475E-5,5.072701451376995E-5,4.869446434518565E-5,4.207880241749803E-5,3.06235364330401E-5,1.8006249573686123E-5,8.838478905091918E-6,3.852607970572012E-6,1.53100904774107E-6,5.363908151147709E-7,1.4446801509917183E-7,1.696730098630156E-8,2.583328739933796E-9,3.43153569554637E-8,8.275520267617104E-8,1.3539496442850293E-7,1.8740859081445934E-7,2.374848491377981E-7,2.8592159752499545E-7,3.3375626403023547E-7,3.8238443779705987E-7,4.33417276983831E-7,4.886642221522279E-7,5.501919515124635E-7,6.204437425638194E-7,7.024238975986177E-7,7.99969279362888E-7,9.181510101585572E-7,1.0638813852279578E-6,1.246855619362587E-6,1.481056743124725E-6,1.787238081813076E-6,2.1971623662374474E-6,2.761118766391204E-6,3.5618085849457954E-6,4.741119773420167E-6,6.553907915843296E-6,9.478884935924448E-6,1.44401052043941E-5,2.3134775248732207E-5,3.759810896203508E-5,5.449611092880748E-5,5.785583748326918E-5,4.5366622650852785E-5,3.212053340637141E-5,2.3285490752395168E-5,1.7937409041192012E-5,1.4783920344039947E-5,1.3093488932626995E-5,1.2677579760844902E-5,1.4329550947596869E-5,2.709850288244647E-5,2.2503172207465502E-7,7.979831658058422E-6,1.2989544356791408E-6,8.93917226089362E-6,1.0351509966945504E-7,1.2659779801844012E-5,2.278784547404142E-5,5.693557868368192E-6,6.006854902593517E-7,5.851111595336897E-6,1.0644260574511982E-5,6.847741612343691E-6,8.129545298793139E-7,2.520852509704496E-7,4.894896444583214E-6,1.1115526227071461E-5,1.012080576165406E-5,5.146135445950644E-6
14.999999999999998,1.354531352603806E-5,1.3932746794639925E-5,1.4668110332951999E-5,1.5794640918023062E-5,1.735368189413061E-5,1.937742799829263E-5,2.187944930710297E-5,2.4848262175678164E-5,2.8251176345833702E-5,3.205174412305397E-5,3.6232584518786056E-5,4.0801532335135755E-5,4.5751619455954586E-5,5.095026579697317E-5,5.596598620107376E-5,5.994362382256578E-5,6.17899435893252E-5,6.081840356691619E-5,5.735863019788623E-5,5.2574203191694876E-5,4.769068217536388E-5,4.347273910324121E-5,4.0198827185653724E-5,3.784881792669022E-5,3.6272447332784714E-5,3.528735665647337E-5,3.472996072935793E-5,3.448487838409889E-5,3.450414480952546E-5,3.4817147893483534E-5,3.552993124832306E-5,3.68147473687444E-5,3.8890544412702685E-5,4.198494891243479E-5,4.624327694729202E-5,5.151870532984829E-5,5.701120546483521E-5,6.101401010589433E-5,6.151165664757933E-5,5.777268052888259E-5,5.107686969935528E-5,4.34513012617321E-5,3.6274963742900356E-5,3.005936605220049E-5,2.4830551027237346E-5,2.0463791335793907E-5,1.6835157321777886E-5,1.3854623559079964E-5,1.1452430978802052E-5,9.560921887290297E-6,8.107507923668464E-6,7.017601580741401E-6,6.2208700878538054E-6,5.656189443587281E-6,5.2745169369315945E-6,5.041429568175866E-6,4.9364851942653224E-6,4.886103983079032E-6,4.690508623701616E-6,4.49818375311232E-6,4.400301545560395E-6,4.359693153270633E-6,4.364053959693065E-6,4.418293252848093E-6,4.5341859857811795E-6,4.726994018919685E-6,5.015090910888571E-6,5.420991264988909E-6,5.9731940059816815E-6,6.708659001780602E-6,7.675928349664418E-6,8.938922606918462E-6,1.0581163614272793E-5,1.2709227112184654E-5,1.545181253261204E-5,1.8945702677298782E-5,2.329172773530459E-5,2.8459019828647875E-5,3.4139319639415637E-5,3.963948730696973E-5,4.398482755624743E-5,4.621664713597321E-5,4.5402905442894106E-5,4.013968509735436E-5,2.9400855889561908E-5,1.64358124424345E-5,7.0686022259771324E-6,2.4754646460795835E-6,6.892020485835963E-7,1.148335676366139E-7,1.4544047946291009E-10,4.4502238416119567E-8,1.3484351265439562E-7,2.3074845862829054E-7,3.193677154235589E-7,3.9814573569448373E-7,4.682274708869954E-7,5.319817703748561E-7,5.921251187389247E-7,6.514718735594212E-7,7.129348328307421E-7,7.796382386237208E-7,8.551049505880073E-7,9.435269438882345E-7,1.0501607394916094E-6,1.1819277704759821E-6,1.3483642519415367E-6,1.5631890315788585E-6,1.8470112872143773E-6,2.23224822312615E-6,2.7725874195436077E-6,3.5624688464141843E-6,4.780551009781492E-6,6.796299589764666E-6,1.0459698927140953E-5,1.7939635063337603E-5,3.430303471653252E-5,5.376422705164839E-5,3.30997932026891E-5,1.2090542269808807E-5,3.4868499158255176E-6,2.2107796946521166E-6,4.006125308852283E-7,2.0356597132796805E-5,6.29282137617886E-6,4.891976294866286E-7,4.5617263512025775E-6,3.861270902176325E-6,3.179870167643942E-7,1.5083930188920164E-6,1.3852310511321317E-5,1.6015153911077925E-5,1.347062570412884E-5,8.027059854711995E-6,6.8016185522271935E-6,1.5944497792167497E-5,1.8212984340716495E-5,1.6448175810010748E-5,1.2206261007626981E-5,4.486153913311334E-6,2.0715582926000073E-6,2.7166039838359734E-6,4.0573193904145594E-6,4.65839565721436E-6,3.72018869665276E-6,1.7855268811407497E-6,1.0369802996017576E-6,2.535910835892194E-6,6.487641371305235E-6,1.121093472654248E-5,1.4050604234734539E-5
20,1.4085763072157966E-5,1.4140572938368317E-5,1.4598119155316732E-5,1.553161568950694E-5,1.7020484260325256E-5,1.9143139990495998E-5,2.195385513223253E-5,2.5444304007884055E-5,2.9505919797480185E-5,3.3927403349460544E-5,3.845449948904868E-5,4.288814245757306E-5,4.714538853937293E-5,5.121847922635112E-5,5.502633665295937E-5,5.8213232128569506E-5,6.0041070338026415E-5,5.963536168715148E-5,5.665467111379232E-5,5.177355012791351E-5,4.629856151430997E-5,4.1360609533175266E-5,3.7532047810769144E-5,3.492891795872764E-5,3.343317881994301E-5,3.2838370433204205E-5,3.291175490051913E-5,3.3419178815349477E-5,3.414921179415729E-5,3.494963963789311E-5,3.576754035878999E-5,3.66743354505099E-5,3.786374308925415E-5,3.962357391330374E-5,4.228305794279957E-5,4.6108659244711406E-5,5.1061042414686954E-5,5.631712066747175E-5,5.9845006494205395E-5,5.922124533692614E-5,5.399893959867106E-5,4.635738791148629E-5,3.878182902636453E-5,3.24413316691766E-5,2.7433630594930273E-5,2.3443996671980877E-5,2.012026704941731E-5,1.721262703595914E-5,1.4603156988599545E-5,1.227925067098294E-5,1.0277786079944069E-5,8.631244880606563E-6,7.340546450705619E-6,6.376432932435027E-6,5.695501281802684E-6,5.260340922141135E-6,5.0679524773203545E-6,5.141110227672947E-6,5.186255837199279E-6,5.07312487505457E-6,5.020284780761883E-6,5.031006973136735E-6,5.0776522020474675E-6,5.1513195713803755E-6,5.258855739076266E-6,5.41788576785052E-6,5.653578625506074E-6,5.997527983845391E-6,6.488813494841946E-6,7.1770088254345E-6,8.126708351921203E-6,9.422827211297425E-6,1.1174924744019083E-5,1.3516233075365437E-5,1.658794536772016E-5,2.0492202293987113E-5,2.5195991276101014E-5,3.0396086218580393E-5,3.5432656893441534E-5,3.9389275767105215E-5,4.132621948598554E-5,4.021726275282704E-5,3.4452435416603965E-5,2.30848519150827E-5,1.0602747238627688E-5,3.208948778799705E-6,5.688462310761069E-7,1.109708629605088E-8,8.344180975030137E-8,2.8093609119348676E-7,4.638585824722262E-7,6.066784373252855E-7,7.145238196584315E-7,7.980704503777255E-7,8.668907665780821E-7,9.283230872363999E-7,9.878322293496434E-7,1.0496657212214626E-6,1.1175006026887358E-6,1.1950539841346725E-6,1.2867259497212086E-6,1.398406933059387E-6,1.5386923046227886E-6,1.7210114578673536E-6,1.967879336666214E-6,2.320573186352596E-6,2.8649877311569533E-6,3.8185762104042906E-6,5.960092313025338E-6,1.5621390928285676E-5,5.909195023850916E-7,1.692166531819899E-5,7.786317474553174E-7,3.5339333495230046E-6,1.3561973969891036E-7,6.895770023676971E-6,2.0754788207534924E-5,1.1464383451838067E-5,5.932033156658774E-6,8.073481514076354E-6,1.3297229591980313E-5,1.2251430812284794E-5,4.163693417041832E-6,3.9839222445219127E-7,6.027231540355153E-7,3.3228121953162377E-6,4.4892138216549735E-6,4.004571847841657E-6,3.9735844237423315E-6,5.4076435189691795E-6,1.034772740173003E-5,1.6926077206414097E-5,1.785039954810098E-5,1.7331878154662967E-5,1.7774825934010898E-5,1.747303540830314E-5,1.5650896787319627E-5,1.5976952718960334E-5,1.6742062834551215E-5,1.6177004530724667E-5,1.5532362816610414E-5,1.4897631428149613E-5,1.2934908353172363E-5,9.077457509784675E-6,5.607470327796107E-6,3.7603901424472716E-6,3.066686888488117E-6,2.9723890243926795E-6,2.9505787181064562E-6,2.6089404414079795E-6,1.8802447554486702E-6
25,1.5922537581472052E-5,1.539235994810788E-5,1.5235491207128028E-5,1.5564894600941573E-5,1.6495235722630336E-5,1.815983242214577E-5,2.0710334253140418E-5,2.428001453129952E-5,2.8890851153416983E-5,3.431938474817788E-5,4.00286562336948E-5,4.5321118716719325E-5,4.967541345312417E-5,5.296214308806975E-5,5.5349021700826725E-5,5.703492557279867E-5,5.800885705086487E-5,5.792840334620841E-5,5.623202680237668E-5,5.258682661746288E-5,4.7385884119252094E-5,4.167461221161417E-5,3.651751220128402E-5,3.252990171360988E-5,2.9882450622295476E-5,2.8508057288903665E-5,2.8260126934669377E-5,2.8970936793512302E-5,3.0445000191131735E-5,3.243446471946888E-5,3.464169878192558E-5,3.6777125904272716E-5,3.865569642087699E-5,4.0275920941271244E-5,4.183702970129548E-5,4.3691591970215704E-5,4.62434566703475E-5,4.975819271030886E-5,5.397280709195065E-5,5.746940142199303E-5,5.7609833809287474E-5,5.2680574334501206E-5,4.435956053832297E-5,3.591145953631351E-5,2.9174567924911728E-5,2.43708458558464E-5,2.107341770990793E-5,1.8768654774059242E-5,1.70177050367306E-5,1.5483603647610268E-5,1.3947507205309494E-5,1.2328541633649748E-5,1.067422896860005E-5,9.10199931952673E-6,7.721914961996619E-6,6.5905557344986066E-6,5.72583537427401E-6,5.231126145627325E-6,5.197672178003213E-6,5.217821260385637E-6,5.2478314635346754E-6,5.361478596135096E-6,5.561683579578903E-6,5.830557826838509E-6,6.149520799114206E-6,6.507158187949274E-6,6.904330125989874E-6,7.357507678952747E-6,7.900460727653222E-6,8.58539559363149E-6,9.485250654862041E-6,1.0698375555036012E-5,1.2354962806113853E-5,1.4620161607974011E-5,1.7678526377041678E-5,2.1665339174099485E-5,2.649714509530989E-5,3.162063600043155E-5,3.592052351764024E-5,3.8031724904469156E-5,3.6395480274028636E-5,2.8376478645702955E-5,1.405551562289363E-5,3.4391486864099314E-6,2.407982000899815E-7,8.480160760296339E-8,5.124948931171196E-7,8.927645276185147E-7,1.136787637318516E-6,1.2700888834390728E-6,1.3300479907004444E-6,1.3461260208893747E-6,1.338664780134044E-6,1.3210252885026524E-6,1.3017220514969348E-6,1.2859839639820024E-6,1.27674262478241E-6,1.275070941267823E-6,1.2798997779246224E-6,1.2863274238524503E-6,1.2823201801371894E-6,2.340716990202978E-6,7.43462047991648E-7,9.696212527381871E-6,8.448952146140628E-6,3.854266949954886E-6,8.656795109376082E-6,6.890019837708595E-6,4.636815227887346E-6,1.0789117619987158E-7,2.130078185361736E-6,5.619088224252024E-6,8.128224171946323E-6,7.1935924314391716E-6,8.28997299112621E-6,1.2659452781014484E-5,1.9105476492114968E-5,2.5867614228721784E-5,2.1260863030485133E-5,1.3203343161394393E-5,1.0073784742225474E-5,9.323551422753232E-6,9.289622235513793E-6,8.885824862653962E-6,7.033213222247651E-6,4.386609802073541E-6,1.9364642364663563E-6,3.739770657841872E-7,1.762179317539547E-7,1.1553059150584935E-6,2.3516760869467047E-6,3.2129337375897866E-6,3.90285132392357E-6,4.733389476397342E-6,5.936206462676947E-6,7.615583179921453E-6,9.720271286110131E-6,1.1777938284322006E-5,1.3580797243348385E-5,1.5660455154324897E-5,1.8385361791377616E-5,2.1297136374776654E-5,2.310633038804752E-5,2.3283667991299475E-5,2.2837273677012356E-5,2.2426653407422632E-5,2.2081029668566602E-5,2.2153088321801227E-5,2.288790710116367E-5,2.3770009686243355E-5,2.3582355575846533E-5
29.999999999999996,2.017739420471108E-5,1.9181857545364544E-5,1.8237500129063633E-5,1.7593258873730326E-5,1.7448107361859027E-5,1.7972929421147415E-5,1.9350457033960274E-5,2.1805909536357246E-5,2.5593796292935457E-5,3.0878211787396016E-5,3.7441684961372665E-5,4.435400243562376E-5,5.014997277732382E-5,5.379485304805819E-5,5.5384596230052685E-5,5.570081830617054E-5,5.543040149955521E-5,5.4858206746173637E-5,5.3915252549162153E-5,5.229205321736873E-5,4.958549688202086E-5,4.5581360692412396E-5,4.056943830775128E-5,3.531939978893472E-5,3.065360748610393E-5,2.7077141778631416E-5,2.4751061165694733E-5,2.3653640216548445E-5,2.3722912003027295E-5,2.4915635366201215E-5,2.7190231907931446E-5,3.0429992469497084E-5,3.434295957583417E-5,3.84323331037628E-5,4.21393763066026E-5,4.510116244367284E-5,4.730236763152697E-5,4.901940598971789E-5,5.0655841003253876E-5,5.253205572802078E-5,5.4551498323553124E-5,5.570423522395223E-5,5.39570347189919E-5,4.7876164478081166E-5,3.8925909863795896E-5,3.0209003938313632E-5,2.3512296537333627E-5,1.8978217227807777E-5,1.6123645782268096E-5,1.4441852540804967E-5,1.3542039301835578E-5,1.3121830121722638E-5,1.2917694670763023E-5,1.2685634152715037E-5,1.2224706389979224E-5,1.1402751605823656E-5,1.0074253621869515E-5,8.078334779137752E-6,6.558851309701978E-6,6.061130059250502E-6,5.8167532804113114E-6,5.682306565994701E-6,5.683003765751606E-6,5.838633110523387E-6,6.159389971936278E-6,6.652561439808895E-6,7.3252340904702096E-6,8.184949489283179E-6,9.240727244602046E-6,1.0506169385119362E-5,1.2005245826965822E-5,1.3779566908612838E-5,1.5893382898275578E-5,1.8428604604930842E-5,2.1455098273020798E-5,2.4951921330673743E-5,2.8660217456425022E-5,3.191395115881521E-5,3.356183334206576E-5,3.156973193598895E-5,2.1349017912572828E-5,5.406082539261106E-6,8.796701889646692E-8,4.5875741810050656E-7,1.1464026391170725E-6,1.4726252760424767E-6,1.554666042087385E-6,1.5128329662433533E-6,1.4114663022971435E-6,1.2787097274036567E-6,1.1218103056446774E-6,9.3218061821067E-7,6.757229154050593E-7,2.1219215940125083E-7,1.4614750070286972E-6,5.747960894115017E-6,4.9999722422294785E-6,1.0643469861695865E-6,1.955713943982109E-6,4.191609660170605E-6,5.604631168581841E-6,7.278642632911686E-6,1.4198125360782702E-5,1.4772363023835473E-5,1.3618910660548993E-5,1.3361081530243478E-5,7.110437019065426E-6,4.581676367358476E-6,3.4285722965689774E-6,2.688383418493666E-6,1.6647505605154172E-6,3.488139741310683E-7,2.0690219263684232E-7,2.1842844932235468E-6,6.205961129962027E-6,1.0519167872722656E-5,1.2863649632134772E-5,1.3263494880332484E-5,1.3691646073930176E-5,1.532456720919003E-5,1.7867089510783405E-5,2.1141776102554774E-5,2.4169259588985387E-5,2.3542433855842985E-5,1.9704346109800806E-5,1.611132454368904E-5,1.4051495474390747E-5,1.3193215377360885E-5,1.2679804070183149E-5,1.1871411330218605E-5,1.0653935168173832E-5,9.156499211898656E-6,7.603265457450935E-6,6.141065624993333E-6,4.7640738237204425E-6,3.4094747070009398E-6,2.110920587494711E-6,1.048870638693842E-6,3.8377236312971086E-7,1.1256950023663168E-7,1.2328280594883756E-7,3.100573146031065E-7,6.288670763916343E-7,1.0954437476265288E-6,1.7638759806048983E-6,2.7031004203160227E-6,3.982055344556588E-6,5.6734163417694046E-6,7.838447283406734E-6,1.0405955515606973E-5,1.3020424910561471E-5
35,2.524468709838056E-5,2.5657199717165174E-5,2.5217770350759558E-5,2.4185450055822738E-5,2.2962577384529546E-5,2.1958737375594895E-5,2.151268348808636E-5,2.1898757964483915E-5,2.338390317819517E-5,2.6278860975102568E-5,3.090276383978605E-5,3.7304334335215804E-5,4.460125176985891E-5,5.054018808365287E-5,5.2915345529283385E-5,5.1894380343332114E-5,4.947281730046458E-5,4.730590123072272E-5,4.599374516636328E-5,4.5427432250116624E-5,4.518348100851885E-5,4.475620074006801E-5,4.367847703519079E-5,4.159622051059309E-5,3.8388982282884534E-5,3.4323810176349345E-5,3.002517533905739E-5,2.617555906100899E-5,2.322899674564504E-5,2.1371360763797575E-5,2.064590744527273E-5,2.1084568434754318E-5,2.2779015188905106E-5,2.5875749550501326E-5,3.045777708233708E-5,3.626684700424959E-5,4.240589783049971E-5,4.753997612158538E-5,5.079649403787488E-5,5.233226986239957E-5,5.285557849942136E-5,5.293835694099246E-5,5.2780370446489266E-5,5.219611681465088E-5,5.05288447484669E-5,4.672463308054093E-5,4.021144384061006E-5,3.20651147687955E-5,2.43743174887236E-5,1.844862038642633E-5,1.4415628501282948E-5,1.1880047729367433E-5,1.0422272238789286E-5,9.751924509946848E-6,9.719658978049438E-6,1.0328290145751892E-5,1.1771733225123497E-5,1.3371438404613886E-5,1.1660738602973659E-5,9.921309030229671E-6,9.168296676700526E-6,8.671016988284234E-6,8.250581934459966E-6,7.921483365027355E-6,7.733315603065214E-6,7.732470451996595E-6,7.961245131891718E-6,8.467171650860637E-6,9.313625712316516E-6,1.0588813639120101E-5,1.2409845479831955E-5,1.4912379484063734E-5,1.820319553980317E-5,2.2240149169210936E-5,2.663634435964646E-5,3.055128391823649E-5,3.300347224351375E-5,3.336385485413949E-5,2.962571029936403E-5,1.27414394811404E-5,3.4741363733847645E-7,5.623187352634876E-7,1.2930546108081015E-6,1.3816167556642618E-6,1.135170270849104E-6,7.413562687538531E-7,2.574387822260754E-7,1.4852408116172277E-5,5.065197100342324E-8,2.0600556831302684E-6,1.2529376985069317E-6,7.415916542405615E-6,1.948650855990452E-5,8.40532044217921E-6,4.901175696398706E-6,3.4096202168954193E-6,2.1676710827146836E-6,1.1806471783405136E-6,2.5047737163944523E-7,2.9898122252788256E-7,3.0126266801831742E-6,8.08835225470936E-6,1.1702202002153995E-5,1.5429001624808724E-5,1.8728198423047467E-5,1.8771824277226424E-5,1.940267780507072E-5,2.1007128733305642E-5,2.0343339393092133E-5,1.9677473947941567E-5,1.945455884187402E-5,1.7148888051114252E-5,1.2119119442248122E-5,7.880960232860067E-6,5.29689077822017E-6,3.555696071183003E-6,2.289891427169996E-6,1.321993844679829E-6,5.781362552509494E-7,1.1647749225866171E-7,9.507420870626141E-8,6.996356474774435E-7,1.9977000514792934E-6,3.710974100782171E-6,5.301284091285065E-6,6.56101832046105E-6,7.701756585831476E-6,8.991250146013958E-6,1.0542316900023118E-5,1.2244611678179235E-5,1.3804980458421808E-5,1.4867352483165545E-5,1.5146511762711246E-5,1.4746015616317046E-5,1.4243087983568513E-5,1.4215878003804859E-5,1.4959008507214754E-5,1.649285884866512E-5,1.8497916857926796E-5,2.028074656212667E-5,2.1201289520638508E-5,2.1175681089751017E-5,2.0475836649024555E-5,1.9379921396740554E-5,1.8152764736788433E-5,1.7031058557987764E-5,1.6119269324952605E-5,1.5331498023483746E-5,1.4423937976256973E-5,1.3140851614573394E-5,1.1436245980178485E-5
40,2.3086022239075076E-5,2.6669836186646158E-5,2.9899560530672933E-5,3.217398434849271E-5,3.317484837429309E-5,3.294991701538295E-5,3.1845811143867404E-5,3.0394059109282153E-5,2.9171448703048654E-5,2.8685522580438453E-5,2.9351114333474163E-5,3.152989184375349E-5,3.549957171716549E-5,4.1109805048102755E-5,4.692618544364181E-5,4.987053079211304E-5,4.784452423229575E-5,4.2578358858962285E-5,3.7210480694854104E-5,3.338112629371997E-5,3.1367568465472685E-5,3.094270470074106E-5,3.175210835226038E-5,3.3357095672451894E-5,3.52075016416382E-5,3.6696043020891214E-5,3.729928069199205E-5,3.66922656907191E-5,3.4803579295841506E-5,3.1879273827751636E-5,2.847979391524524E-5,2.5276601988924733E-5,2.2790614030760953E-5,2.1310473186977998E-5,2.0989670123677938E-5,2.1986399976524875E-5,2.4558395662382683E-5,2.9042907079000945E-5,3.553084609467348E-5,4.2979270320470153E-5,4.856018355752585E-5,4.977997550194503E-5,4.750804996417483E-5,4.440658997210347E-5,4.212660828384731E-5,4.0989670358794255E-5,4.060850110252718E-5,4.030184470270113E-5,3.930629202375703E-5,3.6919597962466275E-5,3.274588092339307E-5,2.712964761142141E-5,2.1203797750855057E-5,1.610712440905073E-5,1.2308959866191738E-5,9.722174170838882E-6,8.154675244578182E-6,7.840768516478413E-6,8.645032000330455E-6,8.821999144892533E-6,8.88263916680691E-6,9.173852293907833E-6,9.656381280770623E-6,1.0245807574341495E-5,1.0872320486306264E-5,1.149936085691886E-5,1.2134264604031395E-5,1.28297941448168E-5,1.3678998734291065E-5,1.4809596675979486E-5,1.6380207763065746E-5,1.856671115489073E-5,2.149329447398643E-5,2.5002346040354156E-5,2.8208577597287763E-5,2.9522020327583363E-5,2.8654289281700906E-5,2.827234040889826E-5,7.061439658125432E-6,2.6549043333811835E-8,1.7887391078345382E-7,5.933465365379429E-9,2.4369942768566436E-8,1.8179714508892258E-5,3.3118223956284775E-6,1.7417719979654521E-6,3.2352803926655796E-6,1.46175907186142E-6,5.832661665216708E-8,1.7264032610992276E-6,9.476923628336125E-6,1.1677216718205144E-5,1.2226669869681346E-5,1.5896089050785417E-5,1.7960902937376155E-5,1.997979955411559E-5,2.085694707735393E-5,1.667293547080325E-5,1.2079842652158765E-5,8.063484911691906E-6,4.413902698109429E-6,1.9433064239668913E-6,6.364833677962445E-7,1.278864990549905E-7,1.1276056297884528E-7,5.608745624768735E-7,1.6474989614247475E-6,3.557606265608441E-6,6.403493675902422E-6,1.0218949997202414E-5,1.4682401638320347E-5,1.863554705621014E-5,2.0665373985529597E-5,2.103785779751825E-5,2.1313513613225434E-5,2.240025804280484E-5,2.3920987323401812E-5,2.494997815640549E-5,2.531799819651956E-5,2.5154486867350787E-5,2.3834593722712056E-5,2.0776940409578266E-5,1.676148729171334E-5,1.312653543425025E-5,1.0431854971711576E-5,8.516411970765207E-6,7.021311581808769E-6,5.695177744059168E-6,4.459642191944938E-6,3.3357430163194156E-6,2.36080918963015E-6,1.5538947956541018E-6,9.169491236168982E-7,4.4750975472683667E-7,1.485586207813516E-7,2.846337355628121E-8,9.105244795126803E-8,3.2701399839322235E-7,7.191214431158761E-7,1.255478017726234E-6,1.9344939137268577E-6,2.7586143210382638E-6,3.7259660662499212E-6,4.8279493666703034E-6,6.0560867800406155E-6,7.417882683250224E-6,8.95512794865944E-6,1.0745315302278276E-5,1.285402236858841E-5,1.5219259015829238E-5,1.7541125796592734E-5
45,1.5079864941545642E-5,1.769486945089365E-5,2.1494006229000844E-5,2.63982719157394E-5,3.183332156282162E-5,3.6750787709653736E-5,4.023992556085066E-5,4.209956220032533E-5,4.2641033380844605E-5,4.221205206170831E-5,4.110344345135654E-5,3.971977728806425E-5,3.8627992635537374E-5,3.841177820049112E-5,3.94954274730763E-5,4.1942530586076214E-5,4.5013045046885856E-5,4.661819419769838E-5,4.425976777416686E-5,3.807720840583547E-5,3.097311044257084E-5,2.5229841581899013E-5,2.141257391541105E-5,1.9295970538000448E-5,1.8566631941684004E-5,1.9030722675389944E-5,2.0608134026116184E-5,2.3241405162562226E-5,2.674163132858901E-5,3.063002301792347E-5,3.415893216092519E-5,3.662382457891161E-5,3.767181090082148E-5,3.7281136500266484E-5,3.5627893859781056E-5,3.311601677054529E-5,3.039043550059105E-5,2.8145794116376114E-5,2.6927214992355026E-5,2.7126903997653418E-5,2.9103188068757903E-5,3.319948565969499E-5,3.9260625120723266E-5,4.513821878518003E-5,4.6181170053659275E-5,4.0748263882107385E-5,3.314623159626525E-5,2.7108927188371977E-5,2.3420361304168854E-5,2.171624948088734E-5,2.1551958682036247E-5,2.2580883055324512E-5,2.4447370069238306E-5,2.665675833751677E-5,2.857106685470872E-5,2.948200797998339E-5,2.7942652473998304E-5,2.0049568586080356E-5,1.2365977071357612E-5,1.0453640422013875E-5,9.660094221732354E-6,9.042073314685952E-6,8.643323292539835E-6,8.52969675418323E-6,8.735991456324817E-6,9.296445673319623E-6,1.026609085249487E-5,1.1732377659629354E-5,1.381500358888001E-5,1.6625645833217537E-5,2.0085066842629188E-5,2.337025344186525E-5,2.413435785957305E-5,1.992485455879177E-5,1.2556396715951998E-5,6.203041106265255E-6,1.7583012730908194E-8,6.847307823969571E-7,4.34842873731359E-8,1.4666151494633625E-6,1.7719302692298041E-7,6.8481935258762785E-6,7.835995242230265E-6,7.1167374929334685E-6,1.372312808843997E-5,1.861012388777589E-5,2.1039426580689476E-5,1.5880173115617097E-5,7.5150297724227855E-6,3.121320298008591E-6,9.486282614362279E-7,9.857278785579516E-8,1.381649821691066E-7,8.180548283060379E-7,2.3341162441241753E-6,4.91831423025993E-6,8.608113179297953E-6,1.213921929451617E-5,1.4341682361305728E-5,1.6670497603156133E-5,1.997258015565391E-5,2.2783344184217428E-5,2.3063523763849396E-5,2.2162453816637653E-5,2.141987855193154E-5,2.0135510357360725E-5,1.8005415185980713E-5,1.563914952956692E-5,1.3363838428935348E-5,1.0954968589180648E-5,8.210667288706988E-6,5.471549098173567E-6,3.2377616588537446E-6,1.6582648890658626E-6,6.664784575307639E-7,1.7452118709478817E-7,1.2126301983147285E-7,4.7265979023681874E-7,1.2129661926904894E-6,2.3303015353412184E-6,3.7900773823784453E-6,5.487896738689962E-6,7.210658873959152E-6,8.723038425484871E-6,9.979771225611736E-6,1.1173766533217105E-5,1.255667822273563E-5,1.4263050558735818E-5,1.6218614937247363E-5,1.8140474685973013E-5,1.9677279595961887E-5,2.0578309813873295E-5,2.0692839299004676E-5,1.9939228675354555E-5,1.8462420439630783E-5,1.6710401725679036E-5,1.5182060265055155E-5,1.417076470514666E-5,1.3743023966785019E-5,1.381210371403609E-5,1.4174300172197101E-5,1.4530943336015965E-5,1.4580942647527487E-5,1.417032985240776E-5,1.3348142571766989E-5,1.2273512689109554E-5,1.110071824006476E-5,9.93467196125049E-6,8.836973810157286E-6,7.840357445012406E-6,6.954873415222187E-6
50,1.3109717688588268E-5,1.2834021650485366E-5,1.3414453145524846E-5,1.496434321654154E-5,1.7731607382779282E-5,2.2035726148494607E-5,2.7974584349520713E-5,3.475540027851662E-5,4.033465078960406E-5,4.2935287624982406E-5,4.297689799875913E-5,4.21782474497407E-5,4.1759668409489756E-5,4.201838248512488E-5,4.263812505103663E-5,4.310333015070163E-5,4.313153958082237E-5,4.289657577865941E-5,4.2812619375452886E-5,4.3052166054070065E-5,4.309228572804881E-5,4.160651513435442E-5,3.7407423800393294E-5,3.106687948790162E-5,2.4580539578482E-5,1.939875367622158E-5,1.583187266890765E-5,1.3643181547053943E-5,1.2538447958266024E-5,1.2335720905346156E-5,1.2994186212947151E-5,1.4610255874933758E-5,1.7396545697721918E-5,2.158585067925405E-5,2.71362859131426E-5,3.32505185571703E-5,3.837832439458192E-5,4.14059463264395E-5,4.260599901700139E-5,4.2887475839964556E-5,4.2752854876150114E-5,4.216512649005996E-5,4.103042890126603E-5,3.965463551414655E-5,3.8719097306972314E-5,3.88981515626945E-5,4.044477559459529E-5,4.257725639987855E-5,4.2681244590124074E-5,3.7832372093233286E-5,2.938118905746708E-5,2.1470433112588592E-5,1.595686002261863E-5,1.2605427776532E-5,1.0795176163718638E-5,1.0187380401935418E-5,1.112743907333417E-5,1.5522634938509608E-5,1.7490773386974437E-5,1.4800013635012951E-5,1.384114412163038E-5,1.3690109808990491E-5,1.370997462769716E-5,1.37106862312293E-5,1.3707690937285606E-5,1.3817928170424606E-5,1.4212735168863527E-5,1.5106153525502103E-5,1.6715002943450468E-5,1.870548556149252E-5,1.6612215249319524E-5,4.267090811122125E-6,1.3371853706595506E-5,5.717784567110168E-7,2.4685879770016617E-6,4.489619666112404E-6,5.271792037401082E-6,8.419658925697203E-7,1.7703868936175725E-5,5.4955051536435855E-6,2.3327967697160617E-6,7.973817904722935E-7,6.265803898314444E-8,2.7762796315214104E-7,1.7768646375581842E-6,5.1326864817284504E-6,1.1265645115328251E-5,1.6121610417005656E-5,1.582145659716055E-5,1.5519933822231234E-5,1.7249725470319988E-5,1.9191931084381256E-5,1.853889947866555E-5,1.6673034564744958E-5,1.4612995812590767E-5,1.2139217153444423E-5,9.268198623619544E-6,6.261020601715144E-6,3.509258144886518E-6,1.4803141122281945E-6,3.5578547502444456E-7,1.3135251081813768E-8,2.7775820301567393E-7,1.042866304294533E-6,2.2550931451408157E-6,3.856525223602861E-6,5.743428801608599E-6,7.782743138242504E-6,9.92734718916829E-6,1.2342325956443875E-5,1.5268206607449326E-5,1.8528250770497744E-5,2.1106427858048552E-5,2.1920503190900467E-5,2.1292504224588795E-5,2.0422490583549175E-5,2.002304383621535E-5,2.0078936936357952E-5,2.016670563293628E-5,1.985745896224758E-5,1.9034821302495225E-5,1.7858038813964145E-5,1.6481984146627212E-5,1.489628975026353E-5,1.3001869809046591E-5,1.0813880037754075E-5,8.55289208364125E-6,6.4949484881993754E-6,4.7915802638921325E-6,3.456032501310297E-6,2.4415302526488906E-6,1.6987173596034048E-6,1.1931909223186434E-6,9.041390113755956E-7,8.196478310475423E-7,9.33788281874224E-7,1.2458524128463405E-6,1.7606413595853658E-6,2.4872365304603123E-6,3.4309019379448227E-6,4.5715410603343074E-6,5.833075995655399E-6,7.078449187651983E-6,8.173096692570779E-6,9.078560915896892E-6,9.866760213282341E-6,1.0641667856131079E-5,1.146219029938556E-5,1.232370306231428E-5,1.3188407302886139E-5,1.4029106424526297E-5
55,2.7242492325228566E-5,2.2654771018337765E-5,1.905131866341453E-5,1.661891976944221E-5,1.5286584623771817E-5,1.4969148792704844E-5,1.5684690412648047E-5,1.7607527653114967E-5,2.1073946613406492E-5,2.640473492552983E-5,3.312400283330825E-5,3.857968187429234E-5,3.914508411080723E-5,3.5169209959810905E-5,3.020283205868652E-5,2.6472438775510656E-5,2.4454423077871927E-5,2.402431131545022E-5,2.5000192328081583E-5,2.7201794893264468E-5,3.0306804209388717E-5,3.368864769054841E-5,3.651843647454583E-5,3.8254165170836443E-5,3.8977726043102954E-5,3.904883690295152E-5,3.8477012994999036E-5,3.6694868507647444E-5,3.3101846758861616E-5,2.802260027553747E-5,2.2706379440808735E-5,1.8251803659190806E-5,1.5042855550484574E-5,1.3000542310526451E-5,1.1937766302849557E-5,1.1735015605145789E-5,1.240392863920305E-5,1.412528176013767E-5,1.728599673118243E-5,2.241824939567319E-5,2.960757496505404E-5,3.680069022959399E-5,3.9609076593195416E-5,3.695449287655015E-5,3.251858111959018E-5,2.9183890613504334E-5,2.771138866234138E-5,2.8020349759695933E-5,2.9812614436608914E-5,3.256128741738875E-5,3.540488307621174E-5,3.745349109839447E-5,3.842056091329421E-5,3.863016193117298E-5,3.8171385966188607E-5,3.596599846144025E-5,2.8911744087025276E-5,1.5772120761016568E-5,9.791622891084024E-6,9.208925627051489E-6,8.795880002039047E-6,8.36547213365203E-6,8.161971928440448E-6,8.303994926720188E-6,8.904337179471631E-6,1.0210413602002332E-5,1.2808254694254524E-5,1.5223403658415992E-5,7.389858921344023E-7,6.029422554675601E-8,6.014690232788605E-6,1.9433443119205383E-5,3.2456443838321303E-6,3.063283844934663E-6,1.265313495940026E-6,3.3892652928255134E-8,1.2566498296335025E-6,6.731621000375701E-6,1.4896899157852295E-5,1.455048732832888E-5,1.3040849898226898E-5,1.502835393798828E-5,1.818485902654415E-5,1.6851354184596557E-5,1.4263305901351727E-5,1.1739749017005153E-5,8.355079786356393E-6,4.344338022388087E-6,1.453873025850155E-6,1.793787141250719E-7,6.39201874789059E-8,7.35810688009456E-7,2.04176296721631E-6,3.921552405668766E-6,6.264343248271967E-6,8.848389518279103E-6,1.1183374916256887E-5,1.2441990075237298E-5,1.2527868172361167E-5,1.2384510021674223E-5,1.2774256168655368E-5,1.3865529987728088E-5,1.524096617304736E-5,1.595071976323891E-5,1.5324491035719692E-5,1.3675805608265189E-5,1.1642226471983016E-5,9.582154823371223E-6,7.64255939032073E-6,5.904657660087095E-6,4.41739948967025E-6,3.1885485374065223E-6,2.184926862351097E-6,1.3607655050477414E-6,7.063597828254306E-7,2.669489351953417E-7,1.0531854507914656E-7,2.589745008962915E-7,7.315518411352136E-7,1.5035532784403405E-6,2.5420673069756684E-6,3.8046828676217573E-6,5.238051156154841E-6,6.7686676232411385E-6,8.283972004602901E-6,9.620263330925988E-6,1.060382866019424E-5,1.1162698263644763E-5,1.1408551882168178E-5,1.1581365867873219E-5,1.1925288792397021E-5,1.2614662037972374E-5,1.3729605510072003E-5,1.5218575683905049E-5,1.6834013743830474E-5,1.8142893768670314E-5,1.8752591599355248E-5,1.8610088512493646E-5,1.799754324108695E-5,1.7250134261402996E-5,1.6547850898477237E-5,1.5893327365344287E-5,1.5190014310321681E-5,1.435027801645864E-5,1.3373110033009753E-5,1.2334695424570996E-5,1.131491542840442E-5,1.0341268418155695E-5,9.387654571915063E-6,8.409807726266902E-6,7.38694959528124E-6
59.99999999999999,3.453133776226154E-5,3.463162877169574E-5,3.534604959127674E-5,3.597399972138349E-5,3.5443994816679005E-5,3.309895618867779E-5,2.942949383994468E-5,2.5620950096807745E-5,2.2587891855806243E-5,2.0705934003770866E-5,2.006726867738177E-5,2.074142323969329E-5,2.289109644045002E-5,2.6684605149593207E-5,3.17085455593038E-5,3.5636840756766754E-5,3.465940048206988E-5,2.8750614656990596E-5,2.19978341148127E-5,1.688000600025845E-5,1.3588209634117805E-5,1.166945390988516E-5,1.073662840541084E-5,1.0578628033101228E-5,1.1137025829458129E-5,1.2480490684550232E-5,1.4783628310763265E-5,1.8261218921802324E-5,2.2947374507495368E-5,2.8256392133225917E-5,3.2791521304432244E-5,3.531217467560486E-5,3.598093797156225E-5,3.590625808606439E-5,3.590441638971757E-5,3.598450673114448E-5,3.54467106955395E-5,3.34603038768347E-5,2.998316448937829E-5,2.5960910307078756E-5,2.247018687840909E-5,2.008828491316329E-5,1.8992750390043634E-5,1.9274694612553818E-5,2.114665737765001E-5,2.4958698425931236E-5,3.0620507808249364E-5,3.550601592071593E-5,3.400708099939853E-5,2.6370168218295152E-5,1.8778289056679246E-5,1.3736148936597408E-5,1.0826224718854945E-5,9.32866345546234E-6,8.854350452080387E-6,9.465543426410084E-6,1.2487771012504878E-5,2.3585173478652852E-5,1.9594774356114836E-5,1.3105901571998953E-5,1.1546687855128807E-5,1.1045595526600046E-5,1.0759144042015974E-5,1.0676082873433562E-5,1.0884958917828781E-5,1.6350917973443215E-6,8.160029968732553E-6,3.202220409679866E-6,6.623510204819555E-6,7.960797285036214E-7,2.5911011345538013E-6,6.201800424634005E-6,6.8955803792905126E-6,8.90187537418787E-6,1.728454045520449E-5,1.804828404478204E-5,1.5002491906395447E-5,1.1441663277608414E-5,5.227676199950192E-6,1.6489779287562564E-6,2.2629193730275087E-7,7.040493974164787E-8,8.819756025308521E-7,2.5815277767818382E-6,5.084814345643087E-6,8.20256578909161E-6,1.1836141612650581E-5,1.45962607883562E-5,1.4127403730648231E-5,1.1919140986037796E-5,1.0224694024252463E-5,9.43804494132328E-6,9.126412361643162E-6,8.610705493815359E-6,7.44767285995426E-6,5.769025976105975E-6,3.979991046729751E-6,2.3957443432408655E-6,1.1816096166947883E-6,4.0889023198307236E-7,8.774864953166382E-8,1.5762329156988465E-7,4.935197097380124E-7,9.998592765490756E-7,1.6915044545245958E-6,2.6391598163582496E-6,3.880939331656602E-6,5.389972364823916E-6,7.0674302957411765E-6,8.733289816972176E-6,1.0150854704903218E-5,1.11423066839406E-5,1.1733362312023749E-5,1.2153412245948668E-5,1.2682352091983298E-5,1.3499521713706002E-5,1.4578478750845735E-5,1.5587896906387805E-5,1.593471788985931E-5,1.5199310457718432E-5,1.3584908735529082E-5,1.1665527678518135E-5,9.860147139527139E-6,8.30289605164221E-6,6.971083839821325E-6,5.802758665248177E-6,4.748675648677138E-6,3.78480145238926E-6,2.9090276684987385E-6,2.133723042847604E-6,1.4783803149490837E-6,9.624495200059874E-7,5.969414099770542E-7,3.7626243654108677E-7,2.779431954968306E-7,2.767198052187671E-7,3.6411064995814416E-7,5.552568553437649E-7,8.777615738518435E-7,1.3530424165173914E-6,1.982255327102893E-6,2.742854703490578E-6,3.5961907030690614E-6,4.501985631649579E-6,5.432402501990915E-6,6.3784479158041325E-6,7.344432668137546E-6,8.329194755185014E-6,9.294933693110803E-6,1.0132735321892804E-5,1.0658080843120305E-5
65,2.78523361839661E-5,3.1824948332666205E-5,3.1866387443071274E-5,2.8722320345408526E-5,2.495057732357606E-5,2.2078948000706182E-5,2.0480160317990315E-5,2.012039480472344E-5,2.0934264522504778E-5,2.2882930417579955E-5,2.5818055915137628E-5,2.9175055614414432E-5,3.1750156635365525E-5,3.228463259161612E-5,3.072022395488943E-5,2.825331923405298E-5,2.6130423404818427E-5,2.5025049403449178E-5,2.51945986404589E-5,2.6695627567746116E-5,2.9280108000868815E-5,3.182997672526619E-5,3.196839560525728E-5,2.80662731603494E-5,2.1905639186495895E-5,1.6288378533605754E-5,1.225760975580757E-5,9.640704212107247E-6,8.028929440822278E-6,7.111024944165389E-6,6.7062649468389135E-6,6.739270036979052E-6,7.224620370352586E-6,8.275078161132785E-6,1.0137285331123967E-5,1.3242675870920595E-5,1.815323811959834E-5,2.488094636451905E-5,3.097507938775782E-5,3.202809116738245E-5,2.82329310121624E-5,2.3623003468647648E-5,2.0342537791477386E-5,1.8667668921196564E-5,1.8427222849651264E-5,1.9513046589010493E-5,2.18989380024822E-5,2.540222241790795E-5,2.92159094025121E-5,3.176287257207582E-5,3.194494739667935E-5,3.0509416679045365E-5,2.9128602616691346E-5,2.9012757227266306E-5,3.0746459546978E-5,3.406250095102795E-5,3.262424801422749E-5,1.3233809307163315E-5,6.569830559809124E-6,6.463115063664255E-6,6.1412540026790695E-6,5.736446245728473E-6,5.797180317672862E-6,1.3959793650894918E-6,1.5516171347356536E-6,6.199816489979038E-8,1.1884731264316131E-6,3.785223530938803E-6,1.3538119643846298E-5,1.2628275602635227E-5,8.735381298560394E-6,3.210416266421521E-6,1.1346381274158847E-6,1.1344373569696561E-7,2.1300810178978857E-7,1.6158112924776831E-6,4.064531116396404E-6,2.265744902508839E-7,1.2207752243069027E-5,1.2267932285775304E-5,9.273156060512687E-6,7.1492574461730915E-6,6.232685088968083E-6,5.8547789285541315E-6,5.258759700631573E-6,4.118129887735638E-6,2.709103678515054E-6,1.4607286140959784E-6,6.473052251432804E-7,3.7049977444458135E-7,5.502633066582567E-7,9.598296064803114E-7,1.4940598684509456E-6,2.2920799906862077E-6,3.5195423760061155E-6,5.202542609915128E-6,7.212689689855199E-6,9.357453205461024E-6,1.1501072610193546E-5,1.3522459889183767E-5,1.5048115360455964E-5,1.5388652649640097E-5,1.4252051494796634E-5,1.229725867390996E-5,1.0391016017230246E-5,8.917765355659438E-6,7.87030050459556E-6,7.096276629378148E-6,6.420652985866233E-6,5.7011219081814165E-6,4.869156245675981E-6,3.946148128669861E-6,3.0179792417726564E-6,2.189455284934308E-6,1.551169858853542E-6,1.1672702278596462E-6,1.0743048618485678E-6,1.2808473082903762E-6,1.7639840144484262E-6,2.466064157679874E-6,3.3018112093193134E-6,4.184499424589428E-6,5.0627651850138815E-6,5.94224003220243E-6,6.874138681347131E-6,7.91308092225971E-6,9.050032582182694E-6,1.013809911070941E-5,1.090003499178166E-5,1.1125568295193364E-5,1.0892617268181734E-5,1.0498104413419112E-5,1.0223892673990288E-5,1.0230751393365597E-5,1.0575696543568874E-5,1.1235650912571112E-5,1.2092014264581453E-5,1.2905792032017025E-5,1.3370349503266788E-5,1.3287248840802017E-5,1.2710875922640931E-5,1.1875478892255802E-5,1.1007305822290318E-5,1.0221811941393142E-5,9.526282223871092E-6,8.859043593206758E-6,8.132205385876446E-6,7.278747383456049E-6,6.296493903112141E-6,5.2579297634326735E-6,4.269604565051277E-6
70,9.569795133570952E-6,1.0244961903092831E-5,1.1707192019179255E-5,1.4251875464490617E-5,1.8257044285379598E-5,2.3633381379360048E-5,2.8205181328502935E-5,2.780554285664579E-5,2.254202467940465E-5,1.6723157432064397E-5,1.247281328758842E-5,9.756426097645395E-6,8.1051012675144E-6,7.161809078364708E-6,6.7207724434757235E-6,6.686345965305713E-6,7.044022083733168E-6,7.852510306696451E-6,9.253141043849146E-6,1.1485207976186136E-5,1.4858569075769322E-5,1.951814569137709E-5,2.4736703138183713E-5,2.8321232351423057E-5,2.8402763054451883E-5,2.5927361331221316E-5,2.3057699936087588E-5,2.100920924418558E-5,2.0111381861025366E-5,2.0394465008742336E-5,2.1840747931242284E-5,2.4312697217524566E-5,2.7163953883963354E-5,2.8790169281908265E-5,2.7437158283078977E-5,2.3409294528424072E-5,1.8781706993914877E-5,1.5014677549350244E-5,1.2426826527380272E-5,1.0859959409244638E-5,1.0119522602131684E-5,1.0114500163679533E-5,1.0899358828006152E-5,1.2719104726214203E-5,1.605876110689135E-5,2.140357981251951E-5,2.7374959435144E-5,2.788385462038068E-5,2.1044204810097197E-5,1.3867950267031578E-5,9.293680170641595E-6,6.694552716555537E-6,5.240277954842611E-6,4.4580549779075486E-6,4.13598145197791E-6,4.284972531596363E-6,5.590650439203669E-6,1.6432162280917316E-5,9.918105254503017E-6,5.230438828850518E-6,5.415047794550567E-6,2.4539087268104275E-7,7.018333187016729E-8,1.0723610569664545E-5,1.3699440864086955E-5,2.981230894542273E-6,1.8833125342739855E-6,5.762690330060472E-7,8.674224833655344E-8,2.6148748654878494E-6,7.657138497642088E-6,7.704563846935236E-6,6.603982817271381E-6,6.500320791948428E-6,8.353908893820415E-6,1.2675062293044783E-5,8.385852222022087E-6,3.6647166325477843E-7,4.845394751155004E-7,1.4810910269114976E-6,1.6497354623624314E-6,9.786460378835727E-7,3.2488540514647116E-7,2.4192406586531977E-7,8.369509917869179E-7,2.1723666324493224E-6,4.300493374697722E-6,7.017639489067451E-6,9.711100511986117E-6,1.1905323695654055E-5,1.364955049883342E-5,1.477526933633205E-5,1.4410652957774038E-5,1.2209232018689004E-5,9.31106519483328E-6,6.83570733379486E-6,5.023500789891463E-6,3.7049618655899522E-6,2.6886721899341054E-6,1.8672839736410607E-6,1.212493229058914E-6,7.402125244341261E-7,4.781681561824694E-7,4.4786939087319796E-7,6.59637915974094E-7,1.116091325869855E-6,1.8221035719694299E-6,2.800115506170093E-6,4.103901964414396E-6,5.808024701755244E-6,7.920991409707027E-6,1.0171315063624734E-5,1.1856406202952291E-5,1.2313278922124325E-5,1.1676506240851905E-5,1.0630482488449425E-5,9.696085400588224E-6,9.066157607551719E-6,8.750417630973123E-6,8.684602611351373E-6,8.757499652395727E-6,8.797039898831178E-6,8.575432703748044E-6,7.911500580808537E-6,6.844784786775846E-6,5.645752227433555E-6,4.5898616408272035E-6,3.7919460811508543E-6,3.2334848438758048E-6,2.847435657109005E-6,2.568500107105177E-6,2.3497849902519448E-6,2.1656665167519547E-6,2.010970533022974E-6,1.8980915040745185E-6,1.8506274273876408E-6,1.8934273511224314E-6,2.0423568156886313E-6,2.298846140054111E-6,2.6518761074416457E-6,3.0852793644898875E-6,3.585307312946074E-6,4.143974219552727E-6,4.755656214738976E-6,5.405386335522077E-6,6.048092065265049E-6,6.584761876588328E-6,6.861823771965083E-6,6.735720941384877E-6,6.187663368108893E-6,5.363672422211699E-6
75,2.1596993309085034E-5,2.5038074075670948E-5,2.452565758624091E-5,2.0983342595467355E-5,1.7079800163427474E-5,1.4111038034015788E-5,1.2207263535081544E-5,1.1191077666364915E-5,1.0918990288492769E-5,1.1358033302367388E-5,1.2600711576065967E-5,1.4860767949203762E-5,1.8350237211258925E-5,2.2647650800499664E-5,2.5321195679295745E-5,2.3117147739063275E-5,1.7466096672239165E-5,1.219818741047581E-5,8.587859191372111E-6,6.321784009574546E-6,4.914109584575073E-6,4.034578580493581E-6,3.4906340286642677E-6,3.175244873486753E-6,3.032572560291799E-6,3.0402701386305837E-6,3.2030832646164546E-6,3.5556752763504656E-6,4.176879972047061E-6,5.2238178637244274E-6,7.003858348125206E-6,1.0098528120442877E-5,1.5358981752153363E-5,2.237077711965429E-5,2.5175434141492218E-5,1.996718374902786E-5,1.3567782258394116E-5,9.363804775469815E-6,6.927019120814306E-6,5.527875830621905E-6,4.736082186663264E-6,4.332843262206912E-6,4.217272467530808E-6,4.360496134458074E-6,4.791828708612958E-6,5.608690032500749E-6,7.011874614773618E-6,9.36623899544107E-6,1.3213799973989082E-5,1.8777616607965286E-5,2.3996793814640762E-5,2.4418233921858147E-5,2.044723653303359E-5,1.627976735049305E-5,1.3719880774152804E-5,1.3216674584090258E-5,1.7960850845815452E-5,3.1277731089954884E-5,3.1326052784359337E-6,3.920540272176781E-6,1.6273004391098264E-6,1.2588406023123906E-6,6.209954219279217E-6,5.389789078841363E-6,1.9455165773450373E-7,3.7560693646374547E-7,1.3294792993235417E-6,2.8479359792873725E-6,7.142717576110691E-6,1.4262900683091454E-5,1.3144856353353395E-5,9.813912261294627E-6,6.092498487857929E-6,2.66995782370833E-6,7.536703371789363E-7,4.4732103444528975E-8,1.4629887975824673E-7,1.5468524753083325E-7,4.674286833881357E-8,1.53474522916157E-6,5.580036695439833E-6,9.219512878962588E-6,1.0391603725736244E-5,8.97704372926125E-6,6.2720508329472285E-6,4.062471328528973E-6,2.669453311572713E-6,1.7926370402172096E-6,1.1801480622781838E-6,7.160553076075847E-7,3.764878420741997E-7,1.7710894431120365E-7,1.3655599485167466E-7,2.5805985536988555E-7,5.216966772569579E-7,8.844183866591789E-7,1.293027894544009E-6,1.7099794151975098E-6,2.136313285436484E-6,2.6174288486510034E-6,3.238282289431851E-6,4.121508627594957E-6,5.4198567975642614E-6,7.2359852772277245E-6,9.312362858846513E-6,1.060443693240707E-5,1.000733423134227E-5,7.980670473149187E-6,5.761936138624205E-6,3.956033776364763E-6,2.623961904971739E-6,1.6737863657738694E-6,1.013718523993727E-6,5.780556870937307E-7,3.2053763044176936E-7,2.0367206780707978E-7,1.889095969180619E-7,2.2792264327385951E-7,2.5996642987184803E-7,2.3226870329772492E-7,1.5019774666482963E-7,9.132279807212615E-8,1.281510652026274E-7,2.6949174088560643E-7,4.864152544199564E-7,7.510079470489631E-7,1.0499526446918157E-6,1.3840880707596496E-6,1.7655800573851707E-6,2.216166530358713E-6,2.7662060400621093E-6,3.4524850139690774E-6,4.310425976905736E-6,5.35327218272142E-6,6.532419744258284E-6,7.695134629619412E-6,8.6019950883063E-6,9.055706163423611E-6,9.041681912275103E-6,8.712938218549933E-6,8.255675961975823E-6,7.791608474868714E-6,7.359551538294848E-6,6.932812329813005E-6,6.443738216036322E-6,5.81932821920586E-6,5.033537501075964E-6,4.14507808705904E-6,3.2712002880394873E-6,2.5148086179108224E-6,1.919787630376994E-6
80,7.694797194482679E-7,7.362882952974225E-7,7.268717597157951E-7,7.398143498799201E-7,7.763199422942023E-7,8.404372969629125E-7,9.399922468364479E-7,1.0885911573650336E-6,1.3095697571438955E-6,1.6438393035104659E-6,2.1660530889331054E-6,3.0192815513845264E-6,4.4904626791605495E-6,7.157297530832701E-6,1.1971419347418048E-5,1.881885155556703E-5,2.1959795965941193E-5,1.780556457606522E-5,1.2591659733264098E-5,9.149541696261352E-6,7.143658832370672E-6,6.008472978222384E-6,5.411553325921921E-6,5.188917703087454E-6,5.276755502077796E-6,5.680602245847888E-6,6.471354214233951E-6,7.80054495917332E-6,9.921580826403918E-6,1.3144512264380893E-5,1.743587983239568E-5,2.126904644068417E-5,2.1615124409499543E-5,1.820438334867629E-5,1.398260504875847E-5,1.071023212119278E-5,8.544826828443984E-6,7.209525317293106E-6,6.460346134889636E-6,6.1572557396692475E-6,6.253846789159855E-6,6.794298412229535E-6,7.939809539649986E-6,1.0033523615598715E-5,1.3633656055445389E-5,1.8833644607455756E-5,2.1996556532768957E-5,1.7651342154339147E-5,1.090719781502244E-5,6.513120363146421E-6,4.124054745010507E-6,2.8120444672774943E-6,2.0544681372427333E-6,1.5961382374507327E-6,1.31209896569154E-6,1.1450077656168311E-6,1.1127631082396074E-6,2.7497978674133994E-6,2.454086478099433E-7,3.94925645808839E-6,4.2199378727631206E-7,7.2980067700171495E-9,7.287562875686753E-7,4.294244626139012E-6,6.4211592977140315E-6,8.094268760038456E-6,3.053153426194575E-6,1.0694855671369067E-6,2.8551113202958395E-7,3.0104976230412426E-8,3.684899614089797E-7,1.5098034996885635E-6,3.516156341278047E-6,4.952389745853428E-6,4.39414601728348E-6,3.981707406682565E-6,6.631258032170654E-6,1.4073141422397987E-6,3.532535392962614E-10,3.67246686616612E-8,4.751124461905009E-8,2.8258962043213328E-8,7.174001849319762E-9,7.825685120898305E-9,4.2439348442678555E-8,1.0811898517967747E-7,1.868778146968573E-7,2.567204780971147E-7,3.0816044017369595E-7,3.4775976880806926E-7,3.8899935687810735E-7,4.446080969663794E-7,5.246492321046942E-7,6.369113048876855E-7,7.864071075287845E-7,9.723453279958215E-7,1.1818022475957001E-6,1.3795582580542138E-6,1.4936009031155958E-6,1.4070701218412017E-6,1.0305081564093586E-6,5.352579050935773E-7,2.870325370295012E-7,3.2088841125553387E-7,4.3793226539153094E-7,5.17491890116031E-7,5.354427050507928E-7,5.096371141400826E-7,4.7029895295557146E-7,4.4929065579204173E-7,4.786421724977186E-7,5.949412081421766E-7,8.489556863784533E-7,1.3200005028066547E-6,2.1258213942897636E-6,3.3743717319869034E-6,4.912104181676408E-6,5.9873243990337555E-6,5.911046851658135E-6,5.067260887773241E-6,4.143081761176799E-6,3.418759064952532E-6,2.912699450801508E-6,2.576612037426561E-6,2.362353223601093E-6,2.233690474951342E-6,2.164435992305884E-6,2.1349087414204747E-6,2.129287845759539E-6,2.1342276665899504E-6,2.1387488511557937E-6,2.1353406759790904E-6,2.1219367813833136E-6,2.1038366367445708E-6,2.0940102601182138E-6,2.1103777294954416E-6,2.1704000661166564E-6,2.28579741444298E-6,2.4606900767703595E-6,2.6937304818739784E-6,2.9815172683465514E-6,3.3196510234277237E-6,3.698660520038288E-6,4.092990670535263E-6,4.443942049019921E-6,4.648481476954776E-6,4.585521322244791E-6,4.19919924282394E-6,3.568703398500328E-6,2.8603811411259752E-6,2.2138574604560404E-6
85,2.0695130183931636E-7,1.6002409604382168E-7,1.2833846057899876E-7,1.0617364887041512E-7,9.025454701611407E-8,7.860976580457117E-8,7.000513464408285E-8,6.364517278283845E-8,5.900801925092648E-8,5.575085033173323E-8,5.365468358130922E-8,5.259264352382331E-8,5.251352461162122E-8,5.343688831883946E-8,5.545896010568738E-8,5.8771489058746206E-8,6.369973815215761E-8,7.077292350190025E-8,8.085514623667905E-8,9.539821295823847E-8,1.169602320532954E-7,1.503592174326719E-7,2.055266141936882E-7,3.056420103940594E-7,5.154279716518401E-7,1.0740964723305005E-6,3.4276709663669234E-6,1.8516135928001683E-5,4.308749862672948E-6,1.2168019999197347E-6,5.554171068290243E-7,3.197731126235995E-7,2.1074983421096543E-7,1.5192033867039596E-7,1.1686147267405663E-7,9.452413012105623E-8,7.964615644750447E-8,6.947723059228098E-8,6.24813569697184E-8,5.7763699211320566E-8,5.4796536939414095E-8,5.328185818074849E-8,5.308305940895218E-8,5.41968431229725E-8,5.675472465722246E-8,6.105536296724111E-8,6.764183642841646E-8,7.746097003058098E-8,9.219502206573326E-8,1.1499920884080377E-7,1.52321153697864E-7,2.1909968322290263E-7,3.5714339164999143E-7,7.261201516431229E-7,2.4558507985554195E-6,2.201135576498922E-5,1.6450510071132021E-6,4.943092248996304E-7,9.034237435874312E-8,1.282672266001318E-7,7.476694850605251E-7,2.1155491108531272E-7,1.33625733347094E-7,4.679848368025298E-8,1.1788467354146193E-9,5.439078315437894E-8,1.4964563408463885E-7,1.3851498329921456E-7,1.0568057812039742E-7,9.58782333881329E-8,9.880673735482899E-8,1.0123494208204382E-7,9.097131999812281E-8,6.481267198173064E-8,3.3736660234585375E-8,8.886974921332708E-8,7.94235923361706E-8,1.038904822904811E-8,2.7170763434339705E-10,1.2183350485696027E-9,4.306709809758051E-9,7.540923830205231E-9,1.1316399669884531E-8,1.619108526927034E-8,2.212922812470119E-8,2.8332633359374138E-8,3.337168303395486E-8,3.5742669636954014E-8,3.4816103636394966E-8,3.176353992961543E-8,3.020972371847672E-8,3.6915997045617046E-8,6.302417359129872E-8,1.2650693244759984E-7,2.580577324387867E-7,5.185590105690636E-7,1.0359367314675876E-6,1.791992953378899E-6,1.5783359896832168E-6,8.786358411715194E-7,5.940024317451515E-7,5.197895910977901E-7,5.228365806459915E-7,5.570612089372728E-7,6.075125344789368E-7,6.714950089544352E-7,7.53116793862145E-7,8.626719041563124E-7,1.0186919402690124E-6,1.2526057765479395E-6,1.6162841348042713E-6,2.188544925581728E-6,3.051586140496589E-6,4.126207793934778E-6,4.80246626289412E-6,4.310527230587611E-6,3.0675239484555495E-6,1.931605790486254E-6,1.1560850573295053E-6,6.751079554571657E-7,3.91398626774557E-7,2.3722658144958463E-7,1.7083578385468953E-7,1.6693611801901394E-7,2.105077731247697E-7,2.93507006697949E-7,4.1330716428847784E-7,5.721570457326025E-7,7.772896763457461E-7,1.0414295714455797E-6,1.3832667825663787E-6,1.8267851883124436E-6,2.3968095900105057E-6,3.1059554863529735E-6,3.928633132991321E-6,4.770756378512763E-6,5.473448852951548E-6,5.8892348607888826E-6,5.979983475643572E-6,5.826058174548128E-6,5.547827007228749E-6,5.235354429063167E-6,4.927268901813652E-6,4.617812671553344E-6,4.271616214035785E-6,3.845669199937455E-6,3.3222638319180115E-6,2.735455786283562E-6,2.1582662969426993E-6,1.6569097363728117E-6,1.2602029484000769E-6
